idx,prob,signal,stop_pct,tp_pct,risk_pct_used,position_value,profit,cost,capital_after
16,0.559634918441462,long,0.008783349101229836,0.035133396404919345,0.005,50.0,0.5726269315673249,0.07,100.50262693156733
23,0.5818180948784244,long,0.009491566410736969,0.037966265642947875,0.005,50.25131346578367,-0.0682280846534237,0.07035183885209714,100.36404700806182
24,0.5933497184516419,long,0.009362236327952377,0.037448945311809506,0.005,50.18202350403091,-0.04525139591395225,0.07025483290564327,100.24854077924222
25,0.6467921680022605,long,0.008968961516513226,0.0358758460660529,0.005,50.12427038962111,-0.439791266877185,0.07017397854546956,99.73857553381957
26,0.6346140964703795,long,0.009021112638575395,0.03608445055430158,0.005,49.869287766909785,-0.49869287766909787,0.0698170028736737,99.1700656532768
27,0.7447331570393093,long,0.009008525011250438,0.03603410004500175,0.01,49.5850328266384,-0.991700656532768,0.06941904595729376,98.10894595078673
29,0.5752744587336035,long,0.009754246328054548,0.03901698531221819,0.005,49.05447297539337,0.5635206545134254,0.06867626216555071,98.6037903431346
41,0.56472386021806,long,0.011479862616949952,0.045919450467799806,0.005,42.946415664220005,0.20513625993948864,0.06902265324019421,98.7399039498339
44,0.5690481709079738,long,0.010938584709184742,0.04375433883673897,0.005,45.13376573613107,-0.14383427703076745,0.06911793276488373,98.52695174003826
45,0.6458478026678446,long,0.01054269132191094,0.04217076528764376,0.005,46.72760907609478,-0.06563156314850005,0.06896886621802678,98.39235131067173
48,0.6185607864803871,long,0.00975568299574883,0.03902273198299532,0.005,49.196175655335864,-0.37818439408094034,0.06887464591747021,97.9452922706733
49,0.5567397608745298,long,0.011118869335893134,0.04447547734357254,0.005,44.044627790747285,-0.26565151597435704,0.06856170458947132,97.61107905010948
52,0.6333623282869792,long,0.013531675042026627,0.05412670016810651,0.005,36.067626050340905,-0.4880553952505474,0.06832775533507664,97.05469589952386
56,0.5674724115554789,long,0.014889589033524024,0.059558356134096095,0.005,32.591462289860544,0.39032050941803426,0.06793828712966671,97.37707812181223
79,0.5714140140692987,long,0.011367307540776883,0.045469230163107534,0.005,42.83207688914042,-0.2008122744388834,0.06816395468526856,97.10810189268807
80,0.60412264335268,long,0.01132610837438421,0.04530443349753684,0.005,42.869138579105176,0.054793657586165334,0.06797567132488165,97.09491987894934
81,0.8390796956203339,long,0.011077293271774208,0.04430917308709683,0.01,48.54745993947467,-0.24670102227038068,0.06796644391526455,96.78025241276369
83,0.7999147899382253,long,0.011468100542754522,0.04587240217101809,0.01,48.390126206381844,-0.49283811921200615,0.06774617668893458,96.21966811686275
84,0.6992262118326134,long,0.012604401694177233,0.05041760677670893,0.01,48.109834058431375,-0.1732967145357703,0.06735376768180393,95.97901763464517
85,0.6946574378337151,long,0.012406954452303817,0.04962781780921527,0.01,47.98950881732259,0.20252860731789452,0.06718531234425162,96.11436092961881
86,0.7210472163653329,long,0.011288868859846765,0.04515547543938706,0.01,48.057180464809406,0.2523693091768591,0.06728005265073317,96.29945018614494
87,0.6604486920939869,long,0.010956618464961043,0.04382647385984417,0.01,48.14972509307247,0.026779602387685755,0.06740961513030146,96.25882017340233
88,0.9475561918321693,long,0.010490532452451599,0.041962129809806396,0.02,48.129410086701164,-1.9251764034680465,0.06738117412138163,94.2662625958129
89,0.9479833569135309,long,0.011141884069818633,0.04456753627927453,0.02,47.13313129790645,-1.8853252519162582,0.06598638381706903,92.31495096007959
90,0.9327496477781108,long,0.011056737870245362,0.04422695148098145,0.02,46.15747548003979,-1.8462990192015918,0.06462046567205572,90.40403147520594
91,0.7833076967862864,long,0.011437333215976076,0.045749332863904306,0.01,45.20201573760297,-0.9040403147520594,0.06328282203264415,89.43670833842123
92,0.5893336205196578,long,0.011916512896545649,0.047666051586182596,0.005,37.52637584286385,-0.3400777098964033,0.06260569583689486,89.03402493268793
94,0.7832144563189237,long,0.013151108818978898,0.052604435275915594,0.01,44.517012466343964,0.09795328652948725,0.062323817452881555,89.06965440176454
95,0.8318920518307505,long,0.013521690812744834,0.05408676325097934,0.01,44.53482720088227,0.34940045626723676,0.062348758081235175,89.35670609995054
96,0.8610507794876214,long,0.013514625458511967,0.05405850183404787,0.02,44.67835304997527,0.1539796814845296,0.06254969426996537,89.44813608716511
97,0.8910836033569203,long,0.013487816667526657,0.05395126667010663,0.02,44.724068043582555,0.12582283860417348,0.06261369526101558,89.51134523050827
98,0.8775782342818765,long,0.012951500620580174,0.051806002482320694,0.02,44.755672615254134,-0.2835223855160268,0.0626579416613558,89.16516490333089
99,0.903551723374508,long,0.014241799529136255,0.05696719811654502,0.02,44.582582451665445,-0.045259787306591755,0.06241561543233162,89.05748950059197
100,0.7958745515898406,long,0.014878752183273104,0.059515008733092414,0.01,44.528744750295985,-0.15952862776619234,0.06234024265041438,88.83562063017536
101,0.8329761490533683,long,0.01531670699426754,0.06126682797707016,0.01,44.41781031508768,-0.8883562063017536,0.062184934441122754,87.88507948943248
102,0.7818339585149863,long,0.015115108460281893,0.06046043384112757,0.01,43.94253974471624,-0.48912221802993433,0.06151955564260274,87.33443771575995
103,0.8666868320729374,long,0.014757977725960842,0.05903191090384337,0.02,43.66721885787997,-0.32605454860019945,0.061134106401031965,86.94724906075872
104,0.6960259537323618,long,0.015927659428020827,0.06371063771208331,0.01,43.47362453037936,0.7192889744029066,0.060863074342531104,87.60567496081909
105,0.6110409425493416,long,0.015373744580429198,0.06149497832171679,0.005,28.491976857850645,0.13545455767034037,0.06132397247257336,87.67980554601685
108,0.715600692162606,long,0.014768436648664139,0.059073746594656557,0.01,43.839902773008426,0.9533602142005867,0.0613758638822118,88.57178989633523
110,0.6698521700886287,long,0.014977678571428558,0.059910714285714234,0.01,44.285894948167616,0.4969581961513079,0.06200025292743466,89.00674783955911
113,0.5932970022511336,long,0.01445327393494271,0.05781309573977084,0.005,30.791206283156882,0.284022458106568,0.06230472348769138,89.22846557417799
115,0.6292237481526713,long,0.013627850200806984,0.05451140080322794,0.005,32.737542700936885,-0.24343355736134123,0.06245992590192459,88.92257209091473
117,0.6462518383185621,long,0.01389693167250408,0.05558772669001632,0.005,31.99359908592392,-0.036670419125063615,0.06224580046364031,88.82365587132603
118,0.7466951187822843,long,0.01336783645573627,0.05347134582294508,0.01,44.41182793566301,0.17553093402034592,0.06217655910992822,88.93701024623644
120,0.8398333008300845,long,0.013763943864699502,0.05505577545879801,0.01,44.46850512311822,-0.012860562168265309,0.06225590717236551,88.8618937768958
121,0.810035118212968,long,0.013207005263298476,0.0528280210531939,0.01,44.4309468884479,-0.31950063734071527,0.06220332564382706,88.48018981391127
122,0.7560181272741691,long,0.012778313066501514,0.051113252266006055,0.01,44.24009490695563,-0.8848018981391127,0.06193613286973789,87.53345178290242
124,0.7414327633785447,long,0.013143217747111458,0.05257287098844583,0.01,43.76672589145121,-0.8753345178290242,0.0612734162480317,86.59684384882537
125,0.8651203924638775,long,0.013251477481149354,0.053005909924597416,0.02,43.298421924412686,-0.2878325908242001,0.06061779069417776,86.248393467307
126,0.7358566459078476,long,0.013721903846813733,0.05488761538725493,0.01,43.1241967336535,0.6070328918068858,0.060373875427114906,86.79505248368676
127,0.771742364316504,long,0.013621694824092092,0.054486779296368366,0.01,43.39752624184338,0.3597113357733247,0.06075653673858074,87.0940072827215
128,0.8708165403171005,long,0.014401831617559528,0.05760732647023811,0.02,43.54700364136075,0.27766421025309185,0.06096580509790506,87.31070568787669
130,0.7784723637414973,long,0.0164419073020711,0.0657676292082844,0.01,43.655352843938346,0.2736256636627118,0.061117493981513685,87.52321385755789
131,0.696555046874682,long,0.016128966498554664,0.06451586599421866,0.01,43.761606928778946,0.03788451183460925,0.06126624970029052,87.4998321196922
132,0.6180978016768567,long,0.015700628865993344,0.06280251546397338,0.005,27.865072433248766,0.05370012155224803,0.061249882483784546,87.49228235876068
134,0.9100370493801792,long,0.016366558219364082,0.06546623287745633,0.02,43.74614117938034,0.0,0.06124459765113248,87.43103776110954
135,0.5999098563585894,long,0.016225737025907593,0.06490294810363037,0.005,26.94208516430059,-0.2935701908181279,0.061201726432776674,87.07626584385864
136,0.5707521676487957,long,0.01620962190035234,0.06483848760140935,0.005,26.859437678174935,-0.2687720353509163,0.06095338609070104,86.74654042241701
137,0.7650414982934006,long,0.016568199593729974,0.0662727983749199,0.01,43.37327021120851,-0.3825792216941773,0.060722578295691915,86.30323862242714
138,0.7894551850397263,long,0.016058598935311266,0.06423439574124507,0.01,43.15161931121357,-0.07027277788012357,0.060412267035699005,86.17255357751132
139,0.6971671627344651,long,0.015688297061482396,0.06275318824592958,0.01,43.08627678875566,-0.8617255357751132,0.06032078750425793,85.25050725423196
140,0.7587661461690441,long,0.015709764918625708,0.06283905967450283,0.01,42.62525362711598,-0.8525050725423197,0.05967535507796237,84.33832682661169
141,0.8059009532792709,long,0.01528703018340327,0.06114812073361308,0.01,42.169163413305846,-0.843383268266117,0.05903682877862818,83.43590672956694
142,0.8102063561374546,long,0.016199921505534995,0.06479968602213998,0.01,41.71795336478347,-0.3316432198591543,0.05840513471069686,83.04585837499708
143,0.6229110879305315,long,0.01521788236218464,0.06087152944873856,0.005,27.285615829624284,-0.38883362536986193,0.05813210086249796,82.59889264876473
144,0.7215392176586775,long,0.01484137841824134,0.05936551367296536,0.01,41.299446324382366,-0.5133824858291015,0.057819224854135313,82.0276909380815
145,0.5739215196569094,long,0.01529650257431855,0.0611860102972742,0.005,26.812564028786102,-0.3362431922297902,0.05741938365665705,81.63402836219507
146,0.7609413933220369,long,0.01632922472565793,0.06531689890263172,0.01,40.817014181097534,-0.07604644467336233,0.057143819853536545,81.50083809766817
147,0.7182877299795328,long,0.015660326319086537,0.06264130527634615,0.01,40.75041904883408,0.204280055626498,0.05705058666836772,81.6480675666263
149,0.5848280477120805,long,0.016473068570230738,0.06589227428092295,0.005,24.782288502755456,0.5137879003445968,0.05715364729663841,82.10470181967425
153,0.7455536527516174,long,0.01732752123749357,0.06931008494997427,0.01,41.05235090983712,0.16494986317182342,0.05747329127377197,82.21217839157231
154,0.6552569663005161,long,0.01734220925895651,0.06936883703582604,0.01,41.106089195786154,-0.4373202014825441,0.057548524874100615,81.71730966521565
155,0.8102055538440447,long,0.018194347278578354,0.07277738911431342,0.01,40.858654832607826,-0.040818636561460175,0.05720211676565096,81.61928891188855
156,0.8278839628014173,long,0.01676230081073518,0.06704920324294072,0.01,40.80964445594427,-0.10102583216588261,0.05713350223832198,81.46112957748434
157,0.8456675609655813,long,0.01722371807814433,0.06889487231257732,0.01,40.73056478874217,0.4303360752642903,0.057022790704239046,81.8344428620444
159,0.6619361948058557,long,0.017609990625380885,0.07043996250152354,0.01,40.9172214310222,-0.12923720463367083,0.05728411000343108,81.6479215474073
162,0.5997408079233866,long,0.017247232472324674,0.0689889298892987,0.005,23.66986172373496,0.04308904717235549,0.05715354508318511,81.63385704949647
163,0.715396797843272,long,0.01703163786091475,0.068126551443659,0.01,40.816928524748235,0.0959302781702927,0.05714369993464753,81.67264362773211
165,0.6990584291890288,long,0.016966478173628695,0.06786591269451478,0.01,40.83632181386606,0.46768638871395374,0.05717085053941248,82.08315916590666
166,0.5566011276979713,long,0.016040419896006998,0.06416167958402799,0.005,25.58634988923823,0.3200490150964209,0.057458211416134664,82.34574996958695
168,0.5746611292982077,long,0.015711011719790443,0.06284404687916177,0.005,26.2063804159282,-0.3504329730493827,0.05764202497871086,81.93767497155886
169,0.5915232474079543,long,0.015303452905797713,0.06121381162319085,0.005,26.770976287487635,-0.39739485172647704,0.057356372480091206,81.4829237473523
170,0.7006143945420585,long,0.015495919561039424,0.061983678244157694,0.01,40.74146187367615,-0.3256775076663482,0.05703804662314661,81.10020819306281
171,0.719502347994067,long,0.015340772476669413,0.06136308990667765,0.01,40.550104096531406,-0.29255431945941923,0.05677014573514397,80.75088372786826
172,0.7150928862833508,long,0.014781631870239408,0.05912652748095763,0.01,40.37544186393413,-0.529348637343476,0.056525618609507784,80.16500947191527
173,0.6731449267070205,long,0.014101457210242552,0.05640582884097021,0.01,40.082504735957635,-0.8016500947191527,0.05611550663034069,79.30724387056578
174,0.8120198971931594,long,0.01426468213839576,0.05705872855358304,0.01,39.65362193528289,-0.46625419482526104,0.055515070709396055,78.78547460503113
175,0.7964949933617872,long,0.01427752783393602,0.05711011133574408,0.01,39.39273730251556,-0.26028886617069513,0.055149832223521794,78.47003590663691
176,0.7887704860972694,long,0.01430776989746653,0.05723107958986612,0.01,39.235017953318454,0.1337772679249952,0.05492902513464584,78.54888414942727
178,0.7996802450795327,long,0.014488583840089187,0.05795433536035675,0.01,39.27444207471363,0.11899316298206157,0.054984218904599085,78.61289309350474
179,0.7567496700683143,long,0.014201156741477287,0.05680462696590915,0.01,39.30644654675237,0.15444731058936154,0.05502902516545331,78.71231137892865
180,0.7744667135383727,long,0.015083468383839806,0.060333873535359225,0.01,39.35615568946432,0.3520362887191303,0.05509861796525005,79.00924904968252
181,0.6810118500623548,long,0.015635426296665124,0.0625417051866605,0.01,39.50462452484126,-0.2169259430894252,0.05530647433477777,78.73701663225832
182,0.6547532421351733,long,0.01460450587303962,0.05841802349215848,0.01,39.36850831612916,-0.2574646592488077,0.055115911642580825,78.42443606136692
183,0.5798707291425471,long,0.014752518453974146,0.05901007381589658,0.005,26.580016254865402,-0.3194859716408504,0.05489710524295685,78.05005298448312
184,0.6337580436287811,long,0.015492234306978346,0.061968937227913384,0.005,25.190056978845888,-0.09880440733933213,0.05463503708913818,77.89661354005464
185,0.8192696624852045,long,0.01524120603015078,0.06096482412060312,0.01,38.94830677002732,0.2266439157773475,0.05452762947803825,78.06872982635394
186,0.7713871394829148,long,0.015274059025884449,0.061096236103537795,0.01,39.03436491317697,0.2657511675677775,0.054648110878447766,78.27983288304327
187,0.8432250226257854,long,0.016020583314101104,0.06408233325640442,0.01,39.139916441521635,0.5335105734658135,0.05479588301813029,78.75854757349096
189,0.7957069862958062,long,0.016508331868593552,0.06603332747437421,0.01,39.37927378674548,-0.12881015643114951,0.05513098330144367,78.57460643375838
190,0.7158699275052407,long,0.016388940275781562,0.06555576110312625,0.01,39.28730321687919,-0.23754749529480407,0.05500222450363086,78.28205671395995
191,0.6350174745254445,long,0.01667899638014668,0.06671598552058672,0.005,23.467256341376913,-0.28479454863432774,0.054797439699771966,77.94246472562585
192,0.8782149928783675,long,0.01838187855379398,0.07352751421517592,0.02,38.97123236281293,0.19868515325173414,0.054559725307938095,78.08659015356965
197,0.6148270636446361,long,0.016893988137631,0.067575952550524,0.005,23.11076269185765,-0.39043295076784823,0.05466061310749875,77.6414965896943
198,0.7286635545159568,long,0.01733936559577064,0.06935746238308256,0.01,38.82074829484715,-0.776414965896943,0.05434904761278601,76.81073257618456
199,0.7565189013283472,long,0.01744781527304001,0.06979126109216004,0.01,38.40536628809228,-0.7681073257618456,0.0537675128033292,75.98885773761938
200,0.7819414812005033,long,0.01896616541353382,0.07586466165413527,0.01,37.99442886880969,0.16938692746466144,0.053192200416333574,76.10505246466771
201,0.6934459619106311,long,0.019519443622637446,0.07807777449054978,0.01,38.052526232333854,0.8221065912346097,0.0532735367252674,76.87388551917705
202,0.7033832531729263,long,0.019193915840257262,0.07677566336102905,0.01,38.436942759588526,0.8265104535442015,0.05381171986342394,77.64658425285783
204,0.585458212798139,long,0.02085294883791322,0.08341179535165288,0.005,18.617650879113754,0.3150133762894634,0.054352608977000484,77.9072450201703
205,0.872546192931738,long,0.02049427058355356,0.08197708233421425,0.02,38.95362251008515,0.33228807708367036,0.05453507151411921,78.18499802573984
208,0.6014652536664149,long,0.02136266337897274,0.08545065351589096,0.005,18.299449988688515,-0.33751755207336226,0.05472949861801789,77.79275097504846
209,0.797979253505847,long,0.022088400288880303,0.08835360115552121,0.01,35.21882524657557,-0.31940271479302285,0.054454925682533926,77.4188933345729
210,0.9151610240113228,long,0.022473492014606893,0.08989396805842757,0.02,38.70944666728645,-0.143059242379867,0.05419322533420103,77.22164086685883
211,0.816572861637042,long,0.022267681914028902,0.08907072765611561,0.01,34.67879645712394,0.2698780750095683,0.05405514860680119,77.4374637932616
212,0.8723623626812305,long,0.021619166388148214,0.08647666555259285,0.02,38.7187318966308,0.06504533067239941,0.054206224655283124,77.44830289927872
213,0.8259002704151042,long,0.021245308015014345,0.08498123206005738,0.01,36.45430927362642,0.5070924010241645,0.0542138120294951,77.90118148827338
215,0.8399554836111236,long,0.020463966016492002,0.08185586406596801,0.01,38.06748966719964,0.20563259672064377,0.054530827041791366,78.05228325795224
217,0.5531750570550851,long,0.01879725932149379,0.07518903728597516,0.005,20.761612616766712,-0.002105213203888516,0.05463659828056657,77.99554144646778
218,0.7346582402278486,long,0.018155569038238045,0.07262227615295218,0.01,38.99777072323389,0.38911964852021724,0.054596879012527445,78.33006421597548
219,0.5577159374221812,long,0.017805675038765144,0.07122270015506058,0.005,21.995814268608548,0.4087037298944254,0.054831044951182836,78.68393690091872
220,0.557992126439009,long,0.018434091007866502,0.07373636403146601,0.005,21.341962797987005,0.47332798538888216,0.0550787558306431,79.10218613047695
221,0.8118655904163646,long,0.01729875656818611,0.06919502627274444,0.01,39.551093065238476,0.3819251361958895,0.05537153029133387,79.4287397363815
222,0.6217250608602407,long,0.016786359336028216,0.06714543734411287,0.005,23.65871543268624,-0.007121828847890424,0.05560011781546706,79.36601778971814
223,0.5951376512031672,long,0.016653344274702053,0.06661337709880821,0.005,23.828852775920318,-0.39683008894859073,0.055556212452802706,78.91363148831675
224,0.7578429985531137,long,0.01734406115546789,0.06937624462187156,0.01,39.456815744158376,-0.35519568582349054,0.05523954204182173,78.50319626045145
225,0.917976183196232,long,0.017345248849313898,0.06938099539725559,0.02,39.25159813022572,-0.5846569469562839,0.05495223738231601,77.86358707611285
226,0.7760334756427728,long,0.017374634594866552,0.06949853837946621,0.01,38.931793538056425,-0.5255835466610707,0.054504510953278996,77.2834990184985
227,0.8763579943932968,long,0.017759851393618856,0.07103940557447543,0.02,38.64174950924925,0.32675613027588835,0.05409844931294895,77.55615669946144
228,0.8360322944562466,long,0.017740698260026624,0.0709627930401065,0.01,38.77807834973072,0.8075967655008811,0.054289309689623005,78.30946415527269
229,0.8684068239583043,long,0.01796082712937454,0.07184330851749816,0.02,39.154732077636346,1.3046221767353576,0.05481662490869088,79.55926970709936
230,0.5995420267541016,long,0.0185642126223161,0.0742568504892644,0.005,21.428129306023166,0.11232547873333426,0.05569148879496956,79.61590369703774
231,0.5634564801566614,long,0.019186046511627922,0.07674418604651169,0.005,20.748387024076486,0.3914008531340879,0.05573113258792642,79.9515734175839
232,0.786122323927792,long,0.01917292113414346,0.07669168453657384,0.01,39.97578670879195,1.1152009436473016,0.05596610139230873,81.01080825983888
233,0.7967857081526603,long,0.01933865261637659,0.07735461046550636,0.01,40.50540412991944,1.2794630316654363,0.05670756578188722,82.23356372572243
234,0.5605666373499255,long,0.020247774854455915,0.08099109941782366,0.005,20.306815024571787,0.27810469635924295,0.05756349460800571,82.45410492747367
235,0.6005845080904891,long,0.0210874958262391,0.0843499833049564,0.005,19.55047332478338,0.0762849506771669,0.05771787344923157,82.4726720047016
236,0.8705559925648908,long,0.02072511084519027,0.08290044338076108,0.02,41.2363360023508,0.13696860745466102,0.05773087040329112,82.55190974175297
237,0.6049575981229824,long,0.02126849599500792,0.08507398398003169,0.005,19.40708683893993,-0.045574152011657064,0.05778633681922708,82.44854925292208
239,0.8067083623107769,long,0.021262492140706187,0.08504996856282475,0.01,38.776521918179874,-0.21632335021144636,0.057713984477045455,82.17451191823359
240,0.8143010857347847,long,0.02123345487756785,0.0849338195102714,0.01,38.70049051934884,0.2695370047310602,0.057522158342763516,82.38652676462189
241,0.8227768807269465,long,0.021499504099029565,0.08599801639611826,0.01,38.32019863580975,0.6271265090040761,0.05767056873523532,82.95598270489073
242,0.7138462258606051,long,0.02038761248457455,0.0815504499382982,0.01,40.68940527864946,0.36333352282207027,0.05806918789342351,83.26124703981938
245,0.7193256294507095,long,0.01800041228612656,0.07200164914450624,0.01,41.63062351990969,0.03644431688611309,0.05828287292787357,83.23940848377762
246,0.884800532755964,long,0.018545948963405525,0.0741837958536221,0.02,41.61970424188881,0.7523815842079405,0.05826758593864434,83.93352248204691
247,0.8660157125617886,long,0.018354749917007827,0.07341899966803131,0.02,41.966761241023455,0.8309646275938535,0.05875346573743284,84.70573364390333
248,0.7188438001383548,long,0.016699460514879423,0.06679784205951769,0.01,42.352866821951665,0.3403177272724334,0.05929401355073233,84.98675735762504
250,0.8606607722947636,long,0.016176460615102882,0.06470584246041153,0.02,42.49337867881252,-0.11942122087755547,0.059490730150337526,84.80784540659714
251,0.8048118853578392,long,0.015356764863329677,0.06142705945331871,0.01,42.40392270329857,0.2680645017714712,0.059365491784618,85.016544416584
252,0.8170005036170762,long,0.015046071940481853,0.06018428776192741,0.01,42.508272208292,0.2758061808832336,0.0595115810916088,85.23283901637562
253,0.6725027658220369,long,0.015042784101805866,0.06017113640722346,0.01,42.61641950818781,0.1371464052192062,0.05966298731146294,85.31032243428336
254,0.5620342097338115,long,0.014887720295622466,0.05955088118248986,0.005,28.65123764427779,0.21283466281138683,0.05971722570399836,85.46343987139076
255,0.7817124567479491,long,0.014651032207925335,0.05860412883170134,0.01,42.73171993569538,0.6028665972756103,0.05982440790997354,86.0064820607564
256,0.7374456167797335,long,0.014700658514660963,0.05880263405864385,0.01,43.0032410303782,0.3681316105554897,0.060204537442529474,86.31440913386936
258,0.5741759815575898,long,0.014966798403113492,0.05986719361245397,0.005,28.835294900449007,-0.20381638955051826,0.06042008639370856,86.05017265792513
260,0.635081150286528,long,0.014896277769604227,0.05958511107841691,0.005,28.883112274366297,0.05457933705791953,0.060235120860547595,86.0445168741225
263,0.7353119052307513,long,0.013460680908506743,0.05384272363402697,0.01,43.02225843706125,0.11887627874705674,0.060231161811885744,86.10316199105766
264,0.8570599835553951,long,0.013160679739267059,0.052642718957068235,0.02,43.05158099552883,0.17266948448166858,0.060272213393740365,86.21555926214559
289,0.6781720217808537,long,0.011415087905227089,0.045660351620908354,0.01,43.107779631072795,-0.11477887631762561,0.060350891483501916,86.04042949434445
290,0.8182584615235677,long,0.010847512895391856,0.043390051581567425,0.01,43.020214747172226,0.49534085586348814,0.06022830064604112,86.4755420495619
291,0.7819284657460719,long,0.011133059418457643,0.04453223767383057,0.01,43.23777102478095,0.24392990290528285,0.06053287943469333,86.65893907303249
292,0.6011587238914674,long,0.011330160366763002,0.04532064146705201,0.005,38.2425915732165,-0.24538403629454694,0.06066125735112274,86.3528937793868
293,0.6304680291200642,long,0.011327505524502795,0.04531002209801118,0.005,38.11646509136315,-0.43176446889693404,0.060447025645570765,85.8606822848443
295,0.6779004779439307,long,0.012861629933964537,0.05144651973585815,0.01,42.93034114242215,-0.3301446612885317,0.06010247759939101,85.47043514595639
296,0.7507198483085018,long,0.01288387562536299,0.05153550250145196,0.01,42.73521757297819,0.058174595957692574,0.05982930460216947,85.4687804373119
297,0.6842538412337714,long,0.012654990669591692,0.05061996267836677,0.01,42.73439021865595,-0.19882390906649972,0.05982814630611834,85.21012838193928
298,0.7663776797386934,long,0.012610161759546951,0.050440647038187805,0.01,42.60506419096964,0.042963491093515355,0.0596470898673575,85.19344478316545
300,0.7516959895930116,long,0.01296405086192825,0.051856203447713,0.01,42.59672239158272,0.0502762146742932,0.05963541134821581,85.18408558649153
301,0.5596942235548366,long,0.013020205237131386,0.05208082094852554,0.005,32.71226683261535,-0.1470735363672188,0.05962885991054408,84.97738319021377
302,0.567030319486318,long,0.013307285360356172,0.05322914144142469,0.005,31.928894920736614,-0.1299566630065529,0.05948416823314964,84.78794235897406
303,0.7551099928320699,long,0.013417918627031653,0.05367167450812661,0.01,42.39397117948703,-0.015469356998497077,0.059351559651281846,84.7131214423243
304,0.8478403300242837,long,0.013488605561690596,0.05395442224676238,0.01,42.35656072116215,-0.10636269171488578,0.059299185009627005,84.54745956559978
305,0.56860259317728,long,0.01356908389144736,0.05427633556578944,0.005,31.1544464762615,-0.2607639610980536,0.059183221695919844,84.22751238280581
307,0.7325473804936146,long,0.012337979519564592,0.04935191807825837,0.01,42.113756191402906,-0.4035059349336402,0.05895925866796407,83.76504718920421
308,0.882758060062807,long,0.01155963451076342,0.04623853804305368,0.02,41.882523594602105,0.018169606780383988,0.058635533032442955,83.72458126295216
309,0.8161363201720151,long,0.010581823329558336,0.042327293318233344,0.01,41.86229063147608,-0.08375618737139819,0.05860720688406651,83.5822178686967
310,0.8845610963726044,long,0.010514403320059774,0.042057613280239096,0.02,41.79110893434835,0.484749435461057,0.05850755250808769,84.00845975164967
311,0.82531850019855,long,0.010343608597285059,0.041374434389140236,0.01,42.004229875824834,-0.04514029228736147,0.05880592182615477,83.90451353753616
312,0.9208993633094478,long,0.010582773601932351,0.042331094407729405,0.02,41.95225676876808,0.23366757987672682,0.05873315947627532,84.07944795793661
314,0.7301258800417041,long,0.011101943750151654,0.044407775000606615,0.01,42.039723978968304,-0.18884272893181886,0.058855613570555625,83.83174961543423
317,0.8276494601084274,long,0.011326733745920383,0.04530693498368153,0.01,41.91587480771712,0.3564180462842219,0.058682224730803964,84.12948543698765
318,0.8497322991337328,long,0.011135011720708363,0.04454004688283345,0.01,42.064742718493825,0.7313352309873749,0.05889063980589136,84.80193002816912
319,0.8481432057108858,long,0.010754695579018966,0.043018782316075865,0.01,42.40096501408456,0.610016624773719,0.059361351019718386,85.35258530192313
323,0.7584545800895783,long,0.01421264192381561,0.05685056769526244,0.01,42.676292650961564,0.57458011775967,0.05974680971134619,85.86741860997145
324,0.6777450707333657,long,0.014239273094396753,0.05695709237758701,0.01,42.933709304985726,0.6274693345774552,0.06010719302698002,86.43478075152193
329,0.5929073556222789,long,0.01483289745953492,0.05933158983813968,0.005,29.136175513692272,0.02098043491167876,0.06050434652606535,86.39525683990755
330,0.5671110088697495,long,0.015453794634558255,0.06181517853823302,0.005,27.952764639018756,0.20966911796564622,0.060476679787935285,86.54444927808525
333,0.6231011996849088,long,0.014473848951915246,0.05789539580766098,0.005,29.896833097264462,0.16852221064097728,0.06058111449465968,86.65239037423157
335,0.6698275847371576,long,0.014034813692964079,0.056139254771856315,0.01,43.326195187115786,0.2702365538838942,0.0606566732619621,86.8619702548535
338,0.5619519309279947,long,0.012938843252349005,0.05175537300939602,0.005,33.56635850700332,-0.14373666452194897,0.060803379178397454,86.65743021115316
340,0.6741906079062718,long,0.012187163378753413,0.04874865351501365,0.01,43.32871510557658,0.35771408805307936,0.06066020114780721,86.95448409805843
341,0.7803418792520319,long,0.012241656032520741,0.048966624130082965,0.01,43.477242049029215,0.7435052811957548,0.060868138868640904,87.63712124038554
342,0.7485188582143891,long,0.011356092003692708,0.04542436801477083,0.01,43.81856062019277,0.3273488877167254,0.06134598486826988,87.903124143234
344,0.7285626088854615,long,0.010734948501479052,0.04293979400591621,0.01,43.951562071617,-0.29527338050955926,0.0615321869002638,87.54631857582417
345,0.7000493341538483,long,0.01125336314127145,0.0450134525650858,0.01,43.77315928791209,-0.14377318263065575,0.06128242300307692,87.34126297019044
346,0.5659628212083253,long,0.01168388968723971,0.04673555874895884,0.005,37.376792022257014,0.14197659276392213,0.061138884079133315,87.42210067887524
347,0.5627889065807905,long,0.011710952098810463,0.046843808395241854,0.005,37.3249330802724,0.05954025148395548,0.06119547047521266,87.42044545988398
348,0.5704346451844718,long,0.011382382052128045,0.04552952820851218,0.005,38.40164785346486,0.312684459787765,0.061194311821918784,87.67193560784982
349,0.5866411691013188,long,0.011045675519359767,0.044182702077439066,0.005,39.68609047685093,0.025331239134287413,0.06137035492549488,87.6358964920586
350,0.6468172563059392,long,0.010314498933901961,0.041257995735607844,0.005,42.48189711087888,0.20104283306932408,0.061345127544441026,87.77559419758349
351,0.7596594721694204,long,0.010193225342037874,0.040772901368151496,0.01,43.887797098791744,-0.07590088142871171,0.061442915938308446,87.63825040021646
352,0.6548630531304671,long,0.010497730959193765,0.04199092383677506,0.01,43.81912520010823,0.1605213174145936,0.06134677528015153,87.7374249423509
353,0.7567901782858222,long,0.011151009316770228,0.04460403726708091,0.01,43.86871247117545,-0.25828499190457044,0.06141619745964563,87.41772375298667
354,0.7952652898818333,long,0.011403304178814428,0.04561321671525771,0.01,43.70886187649334,-0.0959414473842311,0.061192406627090676,87.26058989897535
355,0.6617760319036243,long,0.011381618200212737,0.045526472800850946,0.01,43.63029494948768,0.18459885097567905,0.06108241292928275,87.38410633702175
356,0.6332731480395095,long,0.011425968109339433,0.04570387243735773,0.005,38.2392570593625,0.12821910339722747,0.061168874435915226,87.45115656598306
357,0.6367567657855656,long,0.011164447780421189,0.044657791121684755,0.005,39.16501661611242,0.059099272400864586,0.06121580959618814,87.44904002878773
358,0.7109600858306855,long,0.011103117629888325,0.0444124705195533,0.01,43.72452001439387,-0.22454050746049908,0.06121432802015142,87.16328519330708
360,0.790059001074361,long,0.011052322430233737,0.04420928972093495,0.01,43.58164259665354,-0.14003214441895903,0.06101429963531495,86.9622387492528
361,0.6932305882548975,long,0.011004639955547815,0.04401855982219126,0.01,43.4811193746264,-0.35009970888164105,0.06087356712447697,86.55126547324669
362,0.5838821843758046,long,0.011017803508012259,0.044071214032049034,0.005,39.27791297526123,-0.38260618005425723,0.06058588583127268,86.10807340736116
363,0.7882525708371212,long,0.011080144131956139,0.044320576527824555,0.01,43.05403670368058,-0.4234052052447217,0.06027565138515281,85.62439255073129
364,0.5865000585494763,long,0.011563167483352106,0.04625266993340842,0.005,37.02462697786212,-0.18350853117692664,0.0599370747855119,85.38094694476885
365,0.7828360833450848,long,0.011670442123562734,0.04668176849425094,0.01,42.690473472384426,-0.03148555248262474,0.0597666628613382,85.2896947294249
366,0.7831152999449081,long,0.011124175622060419,0.044496702488241675,0.01,42.64484736471245,-0.4082516655017981,0.05970278631059743,84.8217402776125
367,0.8958979979296798,long,0.010369904653172406,0.041479618612689624,0.02,42.41087013880625,-0.23116659566869535,0.059375218194328755,84.53119846374948
368,0.8870025972444603,long,0.010316911154165453,0.04126764461666181,0.02,42.26559923187474,-0.10528380655601617,0.05917183892462463,84.36674281826883
369,0.7763075508734381,long,0.010413944684457818,0.04165577873783127,0.01,42.183371409134416,0.009400281467972482,0.059056719972788184,84.31708637976402
370,0.8299963636376755,long,0.010365239977622922,0.04146095991049169,0.01,42.15854318988201,-0.20451102705540314,0.059021960465834813,84.05355339224278
371,0.8833702561786897,long,0.010061241477723111,0.040244965910892445,0.02,42.02677669612139,-0.3276782533743053,0.05883748737456995,83.6670376514939
372,0.8806268914090937,long,0.009788001235974224,0.039152004943896895,0.02,41.83351882574695,-0.183686440264175,0.058566926356045726,83.42478428487368
373,0.8449970153768037,long,0.009296445681858908,0.03718578272743563,0.01,41.71239214243684,-0.15793240245566373,0.05839734899941158,83.20845453341862
374,0.8429292222357994,long,0.00899873358555081,0.03599493434220324,0.01,41.60422726670931,0.018615387350523552,0.05824591817339303,83.16882400259574
375,0.7258047031636615,long,0.00902997002996996,0.03611988011987984,0.01,41.58441200129787,-0.15276697742201845,0.058218176801817026,82.9578388483719
376,0.7823922102780929,long,0.008796503809950628,0.03518601523980251,0.01,41.47891942418595,0.19715346245060691,0.058070487193860335,83.09692182362865
377,0.8366646206841918,long,0.008864929619646533,0.03545971847858613,0.01,41.548460911814324,-0.1025887923748487,0.05816784527654006,82.93616518597726
378,0.8789143195176959,long,0.00893291639482772,0.03573166557931088,0.02,41.46808259298863,0.09546631277490955,0.05805531563018408,82.97357618312198
379,0.914654786754945,long,0.009057607819655058,0.03623043127862023,0.02,41.48678809156099,-0.25563668601081296,0.05808150332818539,82.65985799378298
380,0.8994017054405116,long,0.009337220784072989,0.037348883136291956,0.02,41.32992899689149,-0.03011147451669353,0.05786190059564808,82.57188461867064
381,0.8415573131319788,long,0.009322555000973669,0.037290220003894675,0.01,41.28594230933532,0.2756199580883123,0.05780031923306945,82.78970425752588
382,0.8451105211714922,long,0.009356238427441207,0.03742495370976483,0.01,41.39485212876294,0.20361804683009202,0.05795279298026812,82.9353695113757
383,0.9558939324069385,long,0.009209827020299792,0.03683930808119917,0.02,41.46768475568785,0.2259787647694545,0.05805475865796299,83.10329351748719
384,0.7912032314706092,long,0.009361099959057616,0.03744439983623046,0.01,41.551646758743594,0.02697733449374053,0.05817230546224103,83.07209854651869
385,0.7992544337326852,long,0.00945002791736461,0.03780011166945844,0.01,41.536049273259344,0.3289333513078684,0.05815046898256308,83.342881428844
386,0.6162924227512919,long,0.009398968065820688,0.03759587226328275,0.005,41.671440714422,0.7159282521289625,0.0583400170001908,84.00046966397277
387,0.6572322102431313,long,0.0095049847128411,0.0380199388513644,0.01,42.00023483198638,0.5893977544618608,0.058800328764780946,84.53106708966985
388,0.5572168711096301,long,0.00987731097092108,0.03950924388368432,0.005,42.26553354483492,0.3519818971059377,0.05917174696276889,84.82387723981302
389,0.6038762583061038,long,0.010679718132214673,0.04271887252885869,0.005,39.71260111441861,-0.09037717343908436,0.05937671406786911,84.67412335230607
391,0.6861979390667229,long,0.010493256297327279,0.041973025189309114,0.01,42.337061676153034,0.132190655247704,0.059271886346614254,84.74704212120716
392,0.7903545606973864,long,0.010038631259913016,0.04015452503965206,0.01,42.37352106060358,-0.09859362380815277,0.059322929484845015,84.58912556791415
393,0.6205769302327473,long,0.009778214792964066,0.039112859171856265,0.005,42.294562783957076,-0.2999696311655772,0.05921238789753991,84.22994354885103
394,0.6736250951801348,long,0.009694827599696447,0.038779310398785787,0.01,42.11497177442551,0.016914569601061157,0.05896096048419572,84.18789715796788
395,0.8468418174119081,long,0.010388656426669479,0.041554625706677915,0.01,42.09394857898394,0.08309796110992347,0.05893152801057752,84.21206359106723
396,0.893295144455781,long,0.010039638511446831,0.040158554045787324,0.02,42.10603179553362,-0.16679173033983075,0.05894844451374707,83.98632341621366
397,0.5743752773665056,long,0.010009632605391651,0.040038530421566604,0.005,41.95275027925339,-0.20058067798981805,0.058790426391349564,83.72695231183249
398,0.7737620136105448,long,0.009796759941089835,0.03918703976435934,0.01,41.863476155916246,-0.009590716186922426,0.05860886661828275,83.65875272902728
399,0.8265725411633247,long,0.010220614828209748,0.040882459312838994,0.01,41.82937636451364,0.06392337377683684,0.0585611269103191,83.6641149758938
400,0.8130155581104312,long,0.010567530824420643,0.04227012329768257,0.01,41.8320574879469,-0.202882065488787,0.05856488048312566,83.40266802992187
403,0.7830573389088734,long,0.009173943657337666,0.03669577462935066,0.01,41.701334014960935,0.5570678918576898,0.05838186762094531,83.9013540541586
404,0.8640591541997785,long,0.009290372100346417,0.03716148840138567,0.02,41.9506770270793,0.45117783613804313,0.058730947837911024,84.29380094245873
405,0.6483610958678678,long,0.009864100693177696,0.039456402772710786,0.005,42.146900471229365,0.6312040366085183,0.05900566065972111,84.86599931840753
406,0.8291067438876341,long,0.009873176053456986,0.039492704213827945,0.01,42.432999659203766,0.8641294534898487,0.05940619952288527,85.6707225723745
407,0.7454924217113827,long,0.009520585910168947,0.03808234364067579,0.01,42.83536128618725,0.8613702240446001,0.059969505800662154,86.47212329061844
408,0.8485804654345157,long,0.010112340078102753,0.04044936031241101,0.01,43.23606164530922,0.4165009443016084,0.06053048630343291,86.82809374861661
409,0.7529135518962503,long,0.00990237320927394,0.03960949283709576,0.01,43.414046874308305,0.015085738210881104,0.06077966562403163,86.78239982120347
410,0.7150793363155206,long,0.009977120257352595,0.03990848102941038,0.01,43.391199910601735,-0.1028117577871815,0.060747679874842433,86.61884038354145
411,0.7513532296021619,long,0.009694486050468085,0.03877794420187234,0.01,43.30942019177073,-0.39125497529813275,0.06063318826847902,86.16695221997483
412,0.8239867769277948,long,0.009718571148644042,0.03887428459457617,0.01,43.083476109987416,-0.39486343157968173,0.060316866553982385,85.71177192184118
413,0.8247393655969276,long,0.009595196853005077,0.038380787412020306,0.01,42.85588596092059,-0.8571177192184117,0.05999824034528883,84.79465596227747
414,0.6925876137936959,long,0.009799223221743683,0.039196892886974734,0.01,42.39732798113874,-0.29283130994077855,0.05935625917359423,84.4424683931631
415,0.7455251408368744,long,0.009552275222642478,0.03820910089056991,0.01,42.22123419658155,-0.14384329866964002,0.059109727875214166,84.23951536661825
416,0.5929932531104429,long,0.010049212992436645,0.04019685196974658,0.005,41.91348886227189,-0.32696666173846456,0.058967660756632775,83.85358104412315
417,0.6846197727013889,long,0.010136758872853686,0.040547035491414744,0.01,41.92679052206157,-0.16039642209307983,0.0586975067308862,83.63448711529918
418,0.6745862190030015,long,0.010126123943705538,0.04050449577482215,0.01,41.81724355764959,-0.3387141658828601,0.058544140980709425,83.2372288084356
422,0.6622730849496997,long,0.010759892488593457,0.04303956995437383,0.01,41.6186144042178,-0.04117251586080807,0.05826606016590492,83.13779023240889
423,0.5569996350510911,long,0.010837609561336723,0.043350438245346894,0.005,38.356147525836214,0.22723127048337435,0.05819645316268622,83.30682504972958
424,0.6863976434895976,long,0.010935161492782328,0.04374064597112931,0.01,41.65341252486479,0.019783687433602357,0.05831477753481071,83.26829395962838
425,0.7313201068536767,long,0.011480148058932872,0.045920592235731486,0.01,41.63414697981419,-0.11839058075333482,0.058287805771739865,83.09161557310331
426,0.7441075204241975,long,0.011310329874072178,0.045241319496288714,0.01,41.545807786551656,-0.08609043229815486,0.05816413090117232,82.94736100990399
427,0.7395915483482769,long,0.011527626525115934,0.04611050610046374,0.01,41.47368050495199,-0.03748477080376355,0.0580631527069328,82.85181308639329
428,0.6495488319370388,long,0.010852998712764203,0.04341199485105681,0.005,38.17000963473411,-0.24795430779767827,0.0579962691604753,82.54586250943514
430,0.6860024827003178,long,0.011256089664931364,0.045024358659725455,0.01,41.27293125471757,-0.2379767135286999,0.0577821037566046,82.25010369214984
431,0.8430146102983328,long,0.011485978394439045,0.04594391357775618,0.01,41.12505184607492,-0.14104845102463157,0.057575072584504894,82.0514801685407
432,0.6715986035914305,long,0.01135727847230504,0.04542911388922016,0.01,41.02574008427035,-0.11890755378602912,0.0574360361179785,81.8751365786367
433,0.7756407482920105,long,0.010175149513874793,0.04070059805549917,0.01,40.93756828931835,0.05192210306443107,0.05731259560504569,81.86974608609609
434,0.6331018977695304,long,0.009774498359414505,0.03909799343765802,0.005,40.93487304304804,-0.08550699518525134,0.05730882226026726,81.72693026865056
435,0.8018349863663283,long,0.009725655308899009,0.038902621235596034,0.01,40.86346513432528,-0.034581953917797,0.057208851188055396,81.63513946354472
436,0.9328312854869101,long,0.00946890969196215,0.0378756387678486,0.02,40.81756973177236,-0.30610460948254387,0.057144597624481305,81.27189025643769
437,0.6074447525862119,long,0.009478800972184752,0.03791520388873901,0.005,40.63594512821884,-0.19297811555196243,0.05689032317950638,81.02202181770622
438,0.9206183145699455,long,0.009647088841336658,0.03858835536534663,0.02,40.51101090885311,-0.16112058399196846,0.056715415272394355,80.80418581844185
439,0.7734426489645324,long,0.009351193448912781,0.037404773795651124,0.01,40.402092909220926,0.24624030508088496,0.0565629300729093,80.99386319344983
440,0.8181213825430363,long,0.009635213299625411,0.038540853198501646,0.01,40.49693159672491,0.48702878914619285,0.05669570423541488,81.42419627836061
441,0.707732623020147,long,0.009088430218048369,0.036353720872193476,0.01,40.712098139180306,0.08579920300713068,0.05699693739485243,81.45299854397288
442,0.8517922031683379,long,0.009674718809709828,0.03869887523883931,0.02,40.72649927198644,-0.3938436111056672,0.057017098980781014,81.00213783388644
444,0.6309851588631857,long,0.01003287631521728,0.04013150526086912,0.005,40.368352648296444,-0.40501068916943217,0.056701496483720505,80.54042564823328
445,0.5633835118834921,long,0.01035098676489891,0.04140394705959564,0.005,38.90470902800921,-0.1834497525013528,0.0563782979537633,80.30059759777818
446,0.9566678910523149,long,0.010150668505464736,0.040602674021858944,0.02,40.15029879888909,-0.3630481538264159,0.05621041831844473,79.88133902563332
447,0.8661835433592248,long,0.010507845911572567,0.04203138364629027,0.02,39.94066951281666,-0.08790776495461994,0.055916937317943324,79.73751432336076
448,0.7598187106331363,long,0.010354061885887403,0.04141624754354961,0.01,39.86875716168038,0.09630224392516054,0.05581626002635254,79.77800030725957
449,0.7922286060063529,long,0.010346464832637414,0.041385859330549654,0.01,39.88900015362979,0.23419805254650947,0.05584460021508171,79.956353759591
450,0.7563810662190318,long,0.010417862817619744,0.04167145127047898,0.01,39.9781768797955,0.11284614840357289,0.0559694476317137,80.01323046036286
451,0.9123691401938956,long,0.009998165839965467,0.03999266335986187,0.02,40.00661523018143,-0.3960313963465536,0.056009261322254006,79.56118980269405
452,0.9167026772327794,long,0.009923585569556321,0.039694342278225284,0.02,39.78059490134702,-0.36752403877627066,0.05569283286188583,79.1379729310559
453,0.7998638635212663,long,0.009753423234857025,0.0390136929394281,0.01,39.56898646552795,-0.1379301433294896,0.05539658105173913,78.94464620667468
454,0.7897540679486453,long,0.010274317394689458,0.04109726957875783,0.01,39.47232310333734,0.13909153508505084,0.055261252344672274,79.02847648941506
456,0.8160394916328275,long,0.009823616496487256,0.039294465985949024,0.01,39.51423824470753,-0.12343810746303333,0.05531993354259054,78.84971844840943
457,0.9196983752841296,long,0.009386474754703592,0.03754589901881437,0.02,39.42485922420472,-0.1340064974800907,0.055194802913886606,78.66051714801546
458,0.8745491245503523,long,0.009233941248420828,0.03693576499368331,0.02,39.33025857400773,-0.26224352542007673,0.055062362003610824,78.34321126059177
459,0.737102101807457,long,0.008692339241483583,0.034769356965934334,0.01,39.171605630295886,-0.32562150593373856,0.05484024788241425,77.96274950677562
460,0.6884387192025684,long,0.008898035499527552,0.035592141998110206,0.01,38.98137475338781,-0.7796274950677562,0.054573924654742936,77.12854808705312
461,0.9104529521848864,long,0.008818483682062544,0.035273934728250175,0.02,38.56427404352656,-0.10449148100010014,0.053989983660937185,76.97006662239208
462,0.9217616260744745,long,0.008841226891710375,0.0353649075668415,0.02,38.48503331119604,0.004005140744604761,0.05387904663567446,76.92019271650102
463,0.6591847235480567,long,0.009305595596194559,0.037222382384778235,0.01,38.46009635825051,-0.0959195945423284,0.05384413490155072,76.77042898705714
465,0.6741757503589122,long,0.009604534280768132,0.03841813712307253,0.01,38.38521449352857,-0.23566587713723608,0.053739300290940005,76.48102380962897
467,0.6930236848015191,long,0.010158103684125766,0.040632414736503066,0.01,38.24051190481448,0.44401121886383793,0.05353671666674028,76.87149831182606
468,0.654464888128797,long,0.009714856816513049,0.038859427266052196,0.01,38.43574915591303,0.21584896251654628,0.05381004881827824,77.03353722552433
469,0.7015848966462107,long,0.00964542695437725,0.038581707817509,0.01,38.516768612762164,0.20703817490435739,0.053923476057867036,77.18665192437082
471,0.735501392287629,long,0.010577378135352608,0.04230951254141043,0.01,38.59332596218541,-0.12894883165784463,0.05403065634705958,77.0036724363659
474,0.8660875836615224,long,0.010960833234972104,0.043843332939888416,0.02,38.50183621818295,0.1627141999970704,0.053902570705456135,77.11248406565751
475,0.9016259882129769,long,0.010813938781533005,0.04325575512613202,0.02,38.556242032828756,0.11562137639196302,0.05397873884596026,77.17412670320351
478,0.9067084344567382,long,0.01048059270026277,0.04192237080105108,0.02,38.587063351601756,0.48198120095966196,0.05402188869224246,77.60208601547093
479,0.6307486825322347,long,0.010734842010182953,0.04293936804073181,0.005,36.14495953543538,0.03176993239383735,0.054321460210829654,77.57953448765394
482,0.6550038253180825,long,0.010863010926750278,0.04345204370700111,0.01,38.78976724382697,-0.10805459241670255,0.054305674141357764,77.41717422109588
483,0.6938647720669269,long,0.010796006045547054,0.04318402418218822,0.01,38.70858711054794,0.17326079928164625,0.05419202195476712,77.53624299842276
484,0.7171665388201373,long,0.010088999094993218,0.04035599637997287,0.01,38.76812149921138,0.05176278260455106,0.054275370098895936,77.53373041092843
485,0.8963896551307184,long,0.010043152718688884,0.040172610874755536,0.02,38.766865205464214,0.02386105050286395,0.054273611287649896,77.50331785014363
486,0.8452377161089766,long,0.010120062608592646,0.040480250434370584,0.01,38.751658925071816,0.02336482586606564,0.05425232249510055,77.4724303535146
487,0.8446562611379507,long,0.010795951948641457,0.04318380779456583,0.01,38.7362151767573,0.5699949956029112,0.05423070124746022,77.98819464787005
488,0.8354635272179015,long,0.010280320134110222,0.04112128053644089,0.01,38.99409732393502,0.554633559930676,0.054591736253509035,78.48823647154721
489,0.7770156274776426,long,0.010605237283735738,0.04242094913494295,0.01,39.244118235773605,0.29079022936939597,0.05494176553008305,78.72408493538651
490,0.8174132582757717,long,0.011234522700039933,0.04493809080015973,0.01,39.36204246769326,-0.07703661619958449,0.05510685945477056,78.59194145973217
491,0.66261739464814,long,0.011030896641078319,0.044123586564313276,0.01,39.295970729866085,-0.18406293848630373,0.05501435902181252,78.35286416222405
492,0.9009546179332135,long,0.010916759458788316,0.043667037835153265,0.02,39.176432081112026,-0.05492125845497855,0.05484700491355683,78.24309589885551
493,0.8868794351362379,long,0.01058922401718185,0.0423568960687274,0.02,39.12154794942776,-0.037627410951446255,0.05477016712919886,78.15069832077488
494,0.8775901193227098,long,0.010900003615924593,0.04360001446369837,0.02,39.07534916038744,0.7751257494856054,0.05470548882454242,78.87111858143595
495,0.8356373758845977,long,0.010183023681170628,0.04073209472468251,0.01,39.435559290717976,0.5979111078444419,0.05520978300700517,79.41381990627339
496,0.8163567015086611,long,0.009467772452995007,0.03787108981198003,0.01,39.706909953136694,0.5678406930589549,0.055589673934391376,79.92607092539795
498,0.6349073692629918,long,0.010909076541336821,0.043636306165347284,0.005,36.63283075452858,0.31273740899336944,0.05594824964777857,80.18286008474354
501,0.5767969177207043,long,0.010351507917645093,0.04140603167058037,0.005,38.73003852321096,-0.12710097290374756,0.056128002059320475,79.99963110978047
502,0.68829987076736,long,0.010390235280254631,0.041560941121018526,0.01,39.99981555489023,0.09421641093947827,0.05599974177684633,80.0378477789431
503,0.7845067733458627,long,0.010118659478522926,0.040474637914091706,0.01,40.01892388947155,0.23816631320203804,0.05602649344526017,80.21998759869989
504,0.6570725701819322,long,0.009285026433189974,0.037140105732759894,0.01,40.109993799349944,0.3281342180861216,0.05615399131908992,80.49196782546692
505,0.72458829515927,long,0.009388115245000873,0.03755246098000349,0.01,40.24598391273346,0.11959681413624101,0.05634437747782684,80.55522026212533
506,0.7702021924252742,long,0.009145160469899657,0.03658064187959863,0.01,40.277610131062666,-0.2463777267423056,0.056388654183487735,80.25245388119953
510,0.5700951088314281,long,0.010384639621071133,0.04153855848428453,0.005,38.63998020613151,-0.40126226940599763,0.05617671771683967,79.79501489407669
511,0.6405304365570414,long,0.009403266654625582,0.037613066618502326,0.005,39.89750744703834,-0.15574752120356444,0.055856510425853684,79.58341086244727
512,0.8460153660043893,long,0.009584455279819529,0.038337821119278116,0.01,39.79170543122363,-0.13157633343164035,0.05570838760371309,79.39612614141191
513,0.7466268596824622,long,0.009422018019883181,0.037688072079532724,0.01,39.698063070705956,-0.0011063811786369445,0.05557728829898834,79.33944247193429
515,0.6490671681537601,long,0.009379281412959191,0.037517125651836764,0.005,39.669721235967145,0.4180494376030304,0.055537609730354,79.70195429980697
517,0.6215164893173657,long,0.009078203972731607,0.03631281589092643,0.005,39.850977149903485,0.36143248408656536,0.05579136800986488,80.00759541588367
522,0.6731463726481308,long,0.011084585011091063,0.04433834004436425,0.01,40.003797707941835,0.11111660034535921,0.05600531679111857,80.06270669943791
524,0.7300538957006139,long,0.010505174742430536,0.042020698969722145,0.01,40.031353349718955,0.11197683051988626,0.056043894689606535,80.1186396352682
525,0.6691003386017164,long,0.010072070786356477,0.04028828314542591,0.01,40.0593198176341,0.3398002425726136,0.05608304774468774,80.40235683009611
526,0.5939680161364069,long,0.00967867524916941,0.03871470099667764,0.005,40.201178415048055,0.18734742484483874,0.05628164978106728,80.53342260515988
527,0.7562471452834022,long,0.009564715060698451,0.038258860242793805,0.01,40.26671130257994,-0.015681177590510253,0.05637339582361192,80.46136803174576
528,0.5610794587966099,long,0.009814642329681395,0.03925856931872558,0.005,40.23068401587288,-0.21882616931655155,0.05632295762222203,80.18621890480698
529,0.6734220486172893,long,0.009921514019874643,0.03968605607949857,0.01,40.09310945240349,-0.8018621890480698,0.05613035323336489,79.32822636252554
530,0.6816950520910996,long,0.010065452785205589,0.040261811140822355,0.01,39.66411318126277,-0.7932822636252554,0.05552975845376788,78.47941434044651
531,0.6645274335046859,long,0.009486081647436206,0.03794432658974482,0.01,39.239707170223255,-0.3528162732708374,0.05493559003831256,78.07166247713737
533,0.6863837731810318,long,0.008779210077108702,0.03511684030843481,0.01,39.03583123856868,0.10007812797509186,0.05465016373399616,78.11709044137847
538,0.6644042773403493,long,0.008565647833264743,0.03426259133305897,0.01,39.05854522068923,-0.08578897413679817,0.05468196330896492,77.9766195039327
542,0.605397731642494,long,0.00901173979352568,0.03604695917410272,0.005,38.98830975196635,0.0749285683640671,0.054583633652752886,77.99696443864401
543,0.8425087003124039,long,0.008568317473736138,0.03427326989494455,0.01,38.99848221932201,-0.0010750590079471687,0.05459787510705081,77.94129150452902
544,0.8710355031854923,long,0.008671949499168548,0.034687797996674194,0.02,38.97064575226451,-0.07918678133217814,0.05455890405317032,77.80754581914367
545,0.853934205406992,long,0.008861705475141576,0.035446821900566305,0.02,38.903772909571835,-0.041774425756419355,0.054465282073400574,77.71130611131386
546,0.7182387817188173,long,0.00810876802386026,0.03243507209544104,0.01,38.85565305565693,-0.1321086491085897,0.0543979142779197,77.52479954792736
547,0.7815133120824069,long,0.008349050457562415,0.03339620183024966,0.01,38.76239977396368,-0.0103565435498503,0.05426735968354915,77.46017564469396
548,0.6888285614516854,long,0.008602495599821987,0.03440998239928795,0.01,38.73008782234698,-0.18325473598217887,0.05422212295128577,77.2226987857605
549,0.7959902185484559,long,0.008225343727031023,0.032901374908124094,0.01,38.61134939288025,-0.0024921113628839668,0.05405588915003235,77.16615078524758
550,0.6007133599900181,long,0.008383865378944224,0.033535461515776896,0.005,38.58307539262379,-0.11804759870199494,0.05401630554967331,76.99408688099592
551,0.8078385746457284,long,0.00839217139481149,0.03356868557924596,0.01,38.49704344049796,0.1368193054851126,0.053895860816697144,77.07701032566435
552,0.831267566203685,long,0.008334551835063582,0.033338207340254326,0.01,38.53850516283217,-0.21250957691198458,0.053953907227965045,76.8105468415244
553,0.780457226440092,long,0.008580936534347498,0.03432374613738999,0.01,38.4052734207622,-0.27016466142725476,0.05376738278906708,76.48661479730808
555,0.6092303957830802,long,0.009863989731675073,0.03945595892670029,0.005,38.24330739865404,-0.04680726364288848,0.053540630358115654,76.38626690330707
556,0.6096070859978522,long,0.00964613868522859,0.03858455474091436,0.005,38.19313345165354,0.12657682075599605,0.053470386832314955,76.45937333723076
557,0.5982039796752829,long,0.00963184846210555,0.0385273938484222,0.005,38.22968666861538,0.09811142796538407,0.05352156133606153,76.50396320386008
558,0.8852463109007445,long,0.009366806406735095,0.03746722562694038,0.02,38.25198160193004,-0.0014204621963837944,0.053552774242702064,76.448989967421
559,0.9375607817802397,long,0.009506909235510454,0.038027636942041816,0.02,38.2244949837105,-0.24684990497483247,0.0535142929771947,76.14862576946896
560,0.9062379699845089,long,0.009536639430166634,0.03814655772066654,0.02,38.07431288473448,-0.1966907399931023,0.05330403803862828,75.89863099143723
561,0.8833773309177223,long,0.009099578111675029,0.036398312446700117,0.02,37.949315495718615,0.0024662316384288373,0.05312904169400606,75.84796818138165
562,0.9260315187606172,long,0.009274527618460553,0.03709811047384221,0.02,37.92398409069082,0.23729274032035358,0.053093577726967156,76.03216734397503
563,0.924385445502851,long,0.00885398908966924,0.03541595635867696,0.02,38.016083671987516,0.1846507644046944,0.05322251714078253,76.16359559123894
564,0.9393848335434641,long,0.008712070977666929,0.034848283910667716,0.02,38.08179779561947,0.12585518023802597,0.053314516913867266,76.23613625456309
565,0.7632987223635675,long,0.008709726175781507,0.03483890470312603,0.01,38.118068127281546,0.15424252386095577,0.053365295378194164,76.33701348304585
566,0.8645908458158152,long,0.008527889515503706,0.034111558062014824,0.02,38.168506741522926,0.1547491529066692,0.0534359094381321,76.43832672651439
567,0.8006562622163992,long,0.008355231503756564,0.033420926015026255,0.01,38.219163363257195,0.03960681646882289,0.05350682870856008,76.42442671427465
568,0.6303976377342239,long,0.00774764127585679,0.03099056510342716,0.005,38.21221335713732,0.11444060754922539,0.05349709869999225,76.48537022312388
569,0.7040624839745069,long,0.007433133479593494,0.029732533918373976,0.01,38.24268511156194,0.07597510024750917,0.053539759156186716,76.5078055642152
570,0.5981736910336505,long,0.007087860285534653,0.02835144114213861,0.005,38.2539027821076,0.06682799964707681,0.05355546389495064,76.52107809996733
571,0.7306345899555123,long,0.007139960740583695,0.02855984296233478,0.01,38.26053904998366,-0.1607867163718483,0.053564754669977135,76.3067266289255
572,0.6884154073855131,long,0.007123952156551692,0.028495808626206768,0.01,38.15336331446275,-0.02427752583249339,0.05341470864024785,76.22903439445277
573,0.7067814950765682,long,0.007161508965397229,0.028646035861588915,0.01,38.114517197226384,0.06259985108562083,0.05336032407611693,76.23827392146227
574,0.7555062798776719,long,0.007452691866821938,0.029810767467287752,0.01,38.11913696073113,0.1742742326321421,0.05336679174502358,76.35918136234939
575,0.7916949486785007,long,0.007384560017717378,0.029538240070869512,0.01,38.179590681174695,0.21773020671200125,0.05345142695364457,76.52346014210775
576,0.7290195596807022,long,0.006719437809668539,0.026877751238674155,0.01,38.261730071053876,0.32602920469554303,0.05356642209947543,76.79592292470382
577,0.7658358304497743,long,0.006682424598166154,0.026729698392664616,0.01,38.39796146235191,0.2950233526454104,0.053757146047292675,77.03718913130194
578,0.8250574468918955,long,0.006764630319490559,0.027058521277962235,0.01,38.51859456565097,0.09577871586525773,0.05392603239191136,77.07904181477528
579,0.7695224088254804,long,0.006988556292082027,0.027954225168328108,0.01,38.53952090738764,-0.0792052630997655,0.053955329270342696,76.94588122240518
581,0.5609381628580151,long,0.006923387713634541,0.027693550854538163,0.005,38.47294061120259,-0.14437432522028557,0.05386211685568363,76.74764478032921
582,0.5996168379380856,long,0.0069911805278607565,0.027964722111443026,0.005,38.373822390164605,-0.1355754468225999,0.05372335134623045,76.55834598216038
588,0.6743440554496596,long,0.007086217113137503,0.028344868452550014,0.01,38.27917299108019,-0.7655834598216038,0.05359084218751227,75.73917168015126
589,0.5575522371767404,long,0.007543062342565169,0.030172249370260674,0.005,37.86958584007563,-0.10077169842808084,0.05301742017610588,75.58538256154708
590,0.6188091632716799,long,0.007923910887816547,0.03169564355126619,0.005,37.79269128077354,0.0727522423544754,0.05290976779308296,75.60522503610846
591,0.8498534863713432,long,0.007946798538719886,0.031787194154879544,0.01,37.80261251805423,-0.16361746851638972,0.052923657525275926,75.3886839100668
592,0.6680829875496613,long,0.007621549118188631,0.030486196472754523,0.01,37.6943419550334,-0.14476943621711805,0.05277207873704676,75.19114239511264
593,0.6281053324622909,long,0.0071020815353798165,0.028408326141519266,0.005,37.59557119755632,-0.3759557119755632,0.052633799676578844,74.76255288346049
594,0.7257102618533499,long,0.0070190537981807384,0.028076215192722954,0.01,37.38127644173024,-0.05405022824089038,0.05233378701842234,74.65616886820116
595,0.7124633160893842,long,0.007051171719846466,0.028204686879385862,0.01,37.32808443410058,0.150142619503239,0.05225931820774081,74.75405216949666
596,0.6944750736090565,long,0.007347445997053234,0.029389783988212934,0.01,37.37702608474833,0.3319216860115612,0.05232783651864767,75.03364601898957
597,0.8139437231206423,long,0.007432989718062281,0.029731958872249123,0.01,37.516823009494786,0.21799553719293233,0.0525235522132927,75.19911800396922
603,0.6149388538148697,long,0.007800168350392231,0.031200673401568926,0.005,37.59955900198461,-0.3759955900198461,0.05263938260277846,74.7704830313466
604,0.6051014347461798,long,0.007723051557595271,0.030892206230381084,0.005,37.3852415156733,-0.373852415156733,0.05233933812194262,74.34429127806793
607,0.6982199657220344,long,0.008766564112502711,0.035066256450010845,0.01,37.172145639033964,0.13307534285637568,0.052041003894647546,74.42532561702966
609,0.7119186125963329,long,0.009075961854653054,0.036303847418612215,0.01,37.21266280851483,0.20418278837011167,0.052097727931920766,74.57741067746784
610,0.6051574009988919,long,0.009059156584173916,0.036236626336695665,0.005,37.28870533873392,0.15436906533973607,0.05220418747422749,74.67957555533334
611,0.6697557193820027,long,0.008982806927658678,0.035931227710634714,0.01,37.33978777766667,0.269234337716975,0.052275702888733344,74.89653419016159
612,0.5762679065178918,long,0.008940335027291477,0.03576134010916591,0.005,37.448267095080794,-0.03394240189332868,0.05242757393311312,74.81016421433515
613,0.6426847986566905,long,0.008858539816685706,0.03543415926674282,0.005,37.40508210716757,0.08252638082111126,0.0523671149500346,74.84032348020622
615,0.5957760238911907,long,0.009282133571334977,0.03712853428533991,0.005,37.42016174010311,0.06089586935127725,0.05238822643614435,74.84883112312134
617,0.6904975737917831,long,0.008707804989087171,0.034831219956348684,0.01,37.42441556156067,0.32236421315094427,0.05239418178618495,75.1188011544861
627,0.6219904796516078,long,0.007715537792828616,0.030862151171314463,0.005,37.55940057724305,0.17744379958923912,0.052583160808140274,75.24366179326721
628,0.5789255695069676,long,0.007780340341076214,0.031121361364304857,0.005,37.621830896633604,-0.08296493140980253,0.052670563255287045,75.10802629860211
629,0.7161476930237443,long,0.007415276521446513,0.02966110608578605,0.01,37.554013149301056,-0.036636038450023445,0.052575618409021474,75.01881464174306
630,0.6441440965576386,long,0.007408132842919516,0.029632531371678063,0.005,37.50940732087153,-0.15221348830910858,0.05251317024922014,74.81408798318473
631,0.5845724139894994,long,0.007009198257172368,0.028036793028689472,0.005,37.40704399159237,-0.15501298250530499,0.052369861588229316,74.60670513909119
632,0.5921645182554222,long,0.006504573271040365,0.02601829308416146,0.005,37.303352569545595,-0.03436513364305672,0.052224693597363835,74.52011531185077
633,0.7419966665668485,long,0.006427601299313248,0.02571040519725299,0.01,37.26005765592539,0.1125723102333586,0.05216408071829554,74.58052354136584
634,0.7144493019149287,long,0.006098132878199849,0.024392531512799395,0.01,37.29026177068292,0.14724105135915164,0.05220636647895609,74.67555822624603
635,0.6498647087372581,long,0.006249753013238521,0.024999012052954083,0.005,37.33777911312301,-0.14494426008874786,0.052272890758372215,74.4783410753989
639,0.5952870893098596,long,0.006505674250795858,0.026022697003183434,0.005,37.23917053769945,0.15537232155223982,0.05213483875277923,74.58157855819836
646,0.6769921479811734,long,0.007877858523016843,0.03151143409206737,0.01,37.29078927909918,-0.09006767624634197,0.05220710499073885,74.43930377696127
647,0.657397148860971,long,0.00797367245103154,0.03189468980412616,0.01,37.219651888480634,-0.13548152871449462,0.052107512643872894,74.2517147356029
649,0.8696405962611606,long,0.008915601104672476,0.035662404418689904,0.02,37.12585736780145,0.004148604019201384,0.05197620031492203,74.20388713930718
650,0.734071374312904,long,0.009452397637401093,0.03780959054960437,0.01,37.10194356965359,0.14386644785243233,0.051942720997515034,74.2958108661621
651,0.8585850999601736,long,0.009596760344572795,0.03838704137829118,0.02,37.14790543308105,-0.09450279260882219,0.052007067606313476,74.14930100594697
652,0.7130743244738386,long,0.009493216280925747,0.03797286512370299,0.01,37.07465050297348,-0.16914877789997426,0.051904510704162875,73.92824771734283
653,0.6459748933144925,long,0.009208461865758903,0.03683384746303561,0.005,36.964123858671414,-0.037156788688907795,0.05174977340213998,73.83934115525179
654,0.765260230931687,long,0.009024663677130002,0.03609865470852001,0.01,36.919670577625894,0.028627920944900558,0.05168753880867625,73.81628153738801
655,0.8945265936327885,long,0.008749014524900758,0.03499605809960303,0.02,36.908140768694004,-0.03832011622228617,0.051671397076171605,73.72629002408955
656,0.7610876217979493,long,0.00877051711378844,0.03508206845515376,0.01,36.863145012044775,-0.0975397195936025,0.05160840301686269,73.5771419014791
657,0.8010443155667722,long,0.00895265922617656,0.03581063690470624,0.01,36.78857095073955,-0.0037776600772689616,0.05150399933103537,73.52186024207079
658,0.8206249439350689,long,0.009099202373483946,0.03639680949393578,0.01,36.76093012103539,0.20136091275016677,0.051465302169449556,73.6717558526515
659,0.7158090214778355,long,0.008547567446379186,0.034190269785516744,0.01,36.83587792632575,0.13695425804010272,0.051570229096856046,73.75713988159475
660,0.6780393168496118,long,0.008264380141480737,0.03305752056592295,0.01,36.87856994079738,0.25581426419086023,0.05162999791711633,73.9613241478685
664,0.5747385768965045,long,0.006985940246045689,0.027943760984182758,0.005,36.98066207393425,0.010261954141316216,0.051772926903507946,73.9198131751063
665,0.6326353780363136,long,0.006909859080662787,0.02763943632265115,0.005,36.95990658755315,-0.02762528775115188,0.051743869222574415,73.84044401813257
668,0.5663345978363479,long,0.006408446709400639,0.025633786837602555,0.005,36.920222009066286,0.22399861352452252,0.0516883108126928,74.01275432084441
669,0.5749645986322305,long,0.00660355529027245,0.0264142211610898,0.005,37.006377160422204,0.10830237658191232,0.05180892802459108,74.06924776940174
670,0.6008737684616565,long,0.006464687219175807,0.025858748876703228,0.005,37.03462388470087,0.11003005977444774,0.05184847343858122,74.1274293557376
671,0.5971068166127232,long,0.006328495637419315,0.02531398254967726,0.005,37.0637146778688,0.009865875990470617,0.05188920054901632,74.08540603117906
672,0.5536421232006445,long,0.006151691248087714,0.024606764992350857,0.005,37.04270301558953,-0.05268652071002114,0.05185978422182534,73.98085972624722
674,0.6978763964710883,long,0.0062678202733261,0.0250712810933044,0.01,36.99042986312361,-0.15071118017184404,0.05178660180837306,73.778361944267
681,0.5935144406445807,long,0.0060005068898742195,0.024002027559496878,0.005,36.8891809721335,-0.10669001639464629,0.05164485336098691,73.62002707451137
682,0.6037087095182655,long,0.00618198560740477,0.02472794242961908,0.005,36.810013537255685,0.3291866633114134,0.051534018952157964,73.89767971887063
683,0.7451608420705491,long,0.005934677968427539,0.023738711873710155,0.01,36.94883985943532,0.4286376663783423,0.05172837580320945,74.27458900944576
684,0.7277647906060127,long,0.006021883315461285,0.02408753326184514,0.01,37.13729450472288,0.474927869673964,0.05199221230661204,74.69752466681311
692,0.5797025498331648,long,0.008149228357755015,0.03259691343102006,0.005,37.348762333406555,0.11519215414801418,0.052288267266769176,74.76042855369435
693,0.748482916103955,long,0.008105707522049933,0.03242283008819973,0.01,37.38021427684718,0.1956262744573029,0.05233229998758605,74.90372252816407
695,0.6454081456047619,long,0.008511916099464722,0.03404766439785889,0.005,37.451861264082034,0.41713953935305875,0.052432605769714855,75.26842946174742
696,0.6134579736584242,long,0.008729585852206085,0.03491834340882434,0.005,37.63421473087371,0.0943996363365756,0.05268790062322319,75.31014119746077
697,0.6086018869690255,long,0.008800683438553452,0.03520273375421381,0.005,37.65507059873038,0.21215363356939712,0.05271709883822254,75.46957773219194
698,0.5897350853419987,long,0.008945790890696326,0.035783163562785304,0.005,37.73478886609597,0.041633812313569336,0.05282870441253436,75.45838284009297
699,0.8649260036981181,long,0.008222694521160895,0.03289077808464358,0.02,37.72919142004648,0.24313371725485372,0.05282086798806508,75.64869568935976
700,0.8576794434196887,long,0.007963456307259108,0.03185382522903643,0.02,37.82434784467988,-0.24503544885216788,0.05295408698255183,75.35070615352504
701,0.6344245439358314,long,0.007909662736102666,0.031638650944410665,0.005,37.67535307676252,-0.27816647194771044,0.05274549430746753,75.01979418726985
702,0.7089551340269441,long,0.007979375753735465,0.03191750301494186,0.01,37.509897093634926,-0.7501979418726985,0.0525138559310889,74.21708238946607
703,0.7403666333840694,long,0.008184015232887408,0.03273606093154963,0.01,37.108541194733036,-0.16220051642839353,0.05195195767262625,74.00292991536504
704,0.8141647018398981,long,0.00881283367291673,0.03525133469166692,0.01,37.00146495768252,-0.1102228149127502,0.05180205094075553,73.84090504951155
705,0.6866809022585079,long,0.009047468170267251,0.036189872681069005,0.01,36.920452524755774,0.11865080021987838,0.05168863353465808,73.90786721619678
706,0.7370559022288738,long,0.00854030253679764,0.03416121014719056,0.01,36.95393360809839,0.1261818838310169,0.05173550705133775,73.98231359297647
714,0.6453252635269642,long,0.007743389946397108,0.030973559785588432,0.005,36.991156796488234,0.13094806036233334,0.051787619515083524,74.06147403382371
719,0.5550510419090784,long,0.007933983624539395,0.03173593449815758,0.005,37.03073701691186,0.05640225863362698,0.0518430318236766,74.06603326063366
722,0.6870585381342075,long,0.008580400035272447,0.034321600141089786,0.01,37.03301663031683,-0.057313830162409644,0.051846223282443565,73.9568732071888
724,0.6439693656450541,long,0.00878635092222809,0.03514540368891236,0.005,36.9784366035944,-0.36978436603594406,0.05176981124503217,73.53531902990782
730,0.6857011627764922,long,0.010319940950801458,0.04127976380320583,0.01,36.76765951495391,-0.11257559843833498,0.05147472332093548,73.37126870814855
731,0.8495000201268426,long,0.010296095327489716,0.04118438130995886,0.01,36.685634354074274,-0.12837782245963966,0.05135988809570398,73.1915309975932
732,0.8353366701918067,long,0.009744341176868634,0.03897736470747454,0.01,36.5957654987966,-0.14167866363924334,0.051234071698315245,72.99861826225565
733,0.7869840203388574,long,0.009133335335541868,0.03653334134216747,0.01,36.49930913112782,-0.1147661612671329,0.051099032783578954,72.83275306820494
734,0.7666918611435866,long,0.009224070244289917,0.03689628097715967,0.01,36.41637653410247,-0.1432024244361061,0.05098292714774346,72.63856771662108
735,0.6457668275736931,long,0.008672111680259616,0.03468844672103846,0.005,36.31928385831054,-0.24079340116206288,0.05084699740163476,72.34692731805738
736,0.8025862810329507,long,0.008405672945050723,0.03362269178020289,0.01,36.17346365902869,-0.24578014259565575,0.050642849122640166,72.0505043263391
737,0.8333976179162381,long,0.007846919007965301,0.031387676031861204,0.01,36.02525216316955,-0.08897247341503935,0.050435353028437366,71.91109649989562
738,0.7642285674075673,long,0.0077160453237523855,0.030864181295009542,0.01,35.95554824994781,-0.15920958416084816,0.050337767549926936,71.70154914818484
739,0.7941408364429597,long,0.007587777259023062,0.03035110903609225,0.01,35.85077457409242,-0.11120829646868358,0.050191084403729394,71.54014976731241
740,0.6064655964934867,long,0.007058707514298905,0.02823483005719562,0.005,35.77007488365621,-0.35770074883656205,0.05007810483711869,71.13237091363874
741,0.6764887210645937,long,0.006722001402852486,0.026888005611409943,0.01,35.56618545681937,0.043081826540204336,0.04979265963954711,71.12566008053939
742,0.7349307594668519,long,0.006686630311401112,0.02674652124560445,0.01,35.562830040269695,-0.017125698376526766,0.049787962056377574,71.05874642010649
743,0.7962254435462073,long,0.006743750082802303,0.026975000331209212,0.01,35.529373210053244,0.10016627520964186,0.049741122494074544,71.10917157282206
744,0.8204559487828311,long,0.006430867106627638,0.025723468426510552,0.01,35.55458578641103,-0.04531421746361249,0.049776420100975445,71.01408093525748
745,0.8973013406599145,long,0.006586610369154602,0.02634644147661841,0.02,35.50704046762874,0.21021957619582035,0.049709856654680244,71.17459065479862
746,0.8212596832286171,long,0.006667322819041967,0.026669291276167868,0.01,35.58729532739931,0.22576511175574632,0.049822213458359035,71.35053355309601
747,0.7986960837865846,long,0.006790800285344378,0.027163201141377512,0.01,35.67526677654801,0.06597977950165831,0.04994537348716721,71.36656795911051
748,0.7465620526077176,long,0.006849824272385016,0.027399297089540062,0.01,35.683283979555256,0.0650764972317252,0.04995659757137736,71.38168785877086
749,0.7630656492173332,long,0.006994512563341822,0.027978050253367286,0.01,35.69084392938543,0.1534948994573802,0.0499671815011396,71.4852155767271
750,0.8851341241481018,long,0.0072786729607848205,0.029114691843139282,0.02,35.74260778836355,-1.429704311534542,0.050039650903708974,70.00547161428885
751,0.7292551858450241,long,0.0076992890438144996,0.030797156175257998,0.01,35.002735807144425,-0.23460235552518835,0.0490038301300022,69.72186542863366
753,0.7759785635692535,long,0.009880367513980198,0.03952147005592079,0.01,34.86093271431683,-0.23918976104686782,0.048805305800043566,69.43387036178675
754,0.719854511423825,long,0.010482422851219007,0.04192969140487603,0.01,34.71693518089337,-0.6943387036178674,0.04860370925325072,68.69092794891561
755,0.5676183834545607,long,0.011138930577362396,0.04455572230944958,0.005,30.83371759606614,-0.34345463974457807,0.04808364956424093,68.29938965960679
756,0.657321483584206,long,0.011747868869605802,0.04699147547842321,0.01,34.149694829803394,-0.3984499701824415,0.047809572761724754,67.85313011666263
757,0.595146638049812,long,0.012011911038423062,0.04804764415369225,0.005,28.24410283243759,-0.2185796163314696,0.047497191081663837,67.5870533092495
758,0.8616787201125011,long,0.012472036399343224,0.049888145597372896,0.02,33.79352665462475,0.11422136501582036,0.04731093731647465,67.65396373694884
759,0.8980665064325287,long,0.0129194198336567,0.0516776793346268,0.02,33.82698186847442,0.20786453859723333,0.04735777461586419,67.81447050093021
760,0.9309672352447921,long,0.01322384847063671,0.05289539388254684,0.02,33.907235250465106,0.012225315857798149,0.04747012935065115,67.77922568743736
761,0.8811180174029846,long,0.013369225439541272,0.05347690175816509,0.02,33.88961284371868,-0.39684286074651554,0.047445457981206154,67.33493736870963
762,0.9163692245456457,long,0.013520164949788242,0.05408065979915297,0.02,33.667468684354816,-1.3466987473741927,0.04713445615809674,65.94110416517735
763,0.846411786478113,long,0.014186530519332698,0.05674612207733079,0.01,32.970552082588675,-0.1532321355989461,0.04615877291562415,65.74171325666279
764,0.9387370033854391,long,0.014474893816679983,0.05789957526671993,0.02,32.870856628331396,0.04425128210004287,0.046019199279663955,65.73994533948317
765,0.8672439951881129,long,0.015423643760000312,0.06169457504000125,0.02,32.869972669741585,0.46279740391879,0.046017961737638224,66.15672478166432
766,0.7808164047996848,long,0.015789333972234976,0.0631573358889399,0.01,33.07836239083216,0.1724177567397735,0.04630970734716503,66.28283283105694
767,0.7543765559886181,long,0.01442478611406612,0.05769914445626448,0.01,33.14141641552847,0.2746011200058587,0.04639798298173985,66.51103596808105
769,0.7779404331758605,long,0.013589771716211408,0.054359086864845634,0.01,33.25551798404052,-0.13114443668402476,0.04655772517765673,66.33333380621936
770,0.5993504758639969,long,0.013113723190982285,0.05245489276392914,0.005,25.29157160028885,-0.15163271546112564,0.04643333366435355,66.13526775709389
771,0.865002563782461,long,0.013680960637594155,0.05472384255037662,0.02,33.06763387854694,0.2753378428238654,0.04629468742996572,66.36431091248778
772,0.8199773082639892,long,0.013218361112206289,0.052873444448825156,0.01,33.18215545624389,0.18948058277336802,0.04645501763874144,66.50733647762242
773,0.8628707728689667,long,0.013066425839700527,0.05226570335880211,0.02,33.25366823881121,0.1319213392657888,0.04655513553433569,66.59270268135387
775,0.7659676156208377,long,0.013157503403356124,0.052630013613424495,0.01,33.296351340676935,-0.23316551997293739,0.04661489187694771,66.31292226950399
776,0.7177112249745474,long,0.013019870938397194,0.05207948375358878,0.01,33.15646113475199,-0.2642312099224541,0.04641904558865279,66.00227201399288
777,0.9103577582829526,long,0.01271245094154236,0.05084980376616944,0.02,33.00113600699644,-0.07868758917957844,0.04620159040979502,65.8773828344035
778,0.9212240766482596,long,0.01241098061211844,0.04964392244847376,0.02,32.93869141720175,0.05901359902445828,0.04611416798408245,65.89028226544387
779,0.7624543260012948,long,0.011435803665242935,0.04574321466097174,0.01,32.945141132721936,0.06702946853825126,0.04612319758581071,65.91118853639631
780,0.5645515708704768,long,0.010997199092935957,0.04398879637174383,0.005,29.967261654258092,-0.3295559426819816,0.04613783197547742,65.53549476173886
781,0.7063343146956785,long,0.010276932568862796,0.041107730275451185,0.01,32.76774738086943,-0.6553549476173887,0.04587484633321721,64.83426496778826
782,0.8704322303753317,long,0.009700798424667126,0.038803193698668505,0.02,32.41713248389413,-0.2036442266368519,0.04538398547745178,64.58523675567395
783,0.7974414203664265,long,0.011137963063919754,0.044551852255679016,0.01,32.29261837783697,0.1687838169632028,0.04520966572897176,64.70881090690817
784,0.8819083866731144,long,0.011341496204678501,0.045365984818714004,0.02,32.354405453454085,0.1264758863824043,0.04529616763483572,64.78999062565575
785,0.8878150279694801,long,0.011173304938413753,0.04469321975365501,0.02,32.394995312827874,-0.07271813152988897,0.045352993437959024,64.6719195006879
786,0.9547899396939411,long,0.011265404977922295,0.04506161991168918,0.02,32.33595975034395,0.05345403157253048,0.045270343650481534,64.68010318860995
787,0.9375765849014505,long,0.010799785734888157,0.043199142939552626,0.02,32.340051594304974,0.0712034594278946,0.04527607223202697,64.70603057580581
788,0.9745274278294727,long,0.010107544604227636,0.040430178416910545,0.02,32.353015287902906,0.01804129301700075,0.04529422140306407,64.67877764741975
789,0.9337692735747719,long,0.00959474463360475,0.038378978534419,0.02,32.339388823709875,-0.21658888312175326,0.045275144353193825,64.4169136199448
790,0.8483156439135195,long,0.009352477068495079,0.037409908273980316,0.01,32.2084568099724,-0.22216138342050656,0.045091839533961356,64.14966039699031
791,0.8689705258293369,long,0.009541838028981084,0.038167352115924334,0.02,32.07483019849516,-1.2829932079398063,0.04490476227789322,62.821762426772615
792,0.7796434361361962,long,0.009808474113162997,0.03923389645265199,0.01,31.410881213386308,-0.1383605594299221,0.04397523369874083,62.63942663364396
793,0.8081246353386224,long,0.009182490616030067,0.03672996246412027,0.01,31.31971331682198,0.1143629408207019,0.04384759864355077,62.70994197582111
794,0.7490573607647516,long,0.010101512808126628,0.04040605123250651,0.01,31.354970987910555,0.23679925272737898,0.04389695938307478,62.90284426916541
795,0.5790846829139332,long,0.01013047118212743,0.04052188472850972,0.005,31.046356649304254,0.033737526873284164,0.04403199098841579,62.89254980505028
797,0.826641527496756,long,0.010241337574161525,0.0409653502966461,0.01,31.44627490252514,-0.29014977906850525,0.0440247848635352,62.558375241118235
798,0.9359507668402893,long,0.010345851690421258,0.04138340676168503,0.02,31.279187620559117,-0.22342709954012974,0.043790862668782765,62.29115727890932
799,0.8941946101594217,long,0.009669801506387545,0.03867920602555018,0.02,31.14557863945466,0.026007571249564303,0.04360381009523652,62.27356104006365
800,0.7847409459228086,long,0.010119163831092754,0.040476655324371016,0.01,31.136780520031824,0.12796353571781918,0.04359149272804456,62.35793308305342
801,0.774996392310754,long,0.010601224119249094,0.04240489647699638,0.01,31.17896654152671,0.16709376744953713,0.043650553158137394,62.481376297344816
802,0.7218385163713796,long,0.011090984183653674,0.044363936734614695,0.01,31.240688148672408,-0.11092875026595841,0.04373696340814137,62.32671058367072
803,0.8586143382969055,long,0.011693311500818721,0.046773246003274885,0.02,31.16335529183536,0.3920376211356563,0.043628697408569506,62.6751195073978
804,0.6935573723413359,long,0.011837834463817552,0.04735133785527021,0.01,31.3375597536989,0.2695900373024255,0.04387258365517846,62.90083696104505
805,0.8421412029382572,long,0.011646869827670119,0.046587479310680475,0.01,31.450418480522526,0.4185836049350063,0.04403058587273154,63.27538998010733
807,0.6525720260459872,long,0.013199460345576862,0.05279784138230745,0.01,31.637694990053664,0.31766833411592915,0.04429277298607513,63.54876554123718
808,0.7579590773065047,long,0.01232878404587813,0.04931513618351252,0.01,31.77438277061859,0.25614407740950657,0.04448413587886603,63.76042548276782
809,0.8080772678967116,long,0.01240988099353121,0.04963952397412484,0.01,31.88021274138391,0.0459157344472061,0.04463229783793748,63.76170891937709
810,0.6009225139501867,long,0.011985776782906039,0.047943107131624155,0.005,26.5989055504159,-0.18050515875957657,0.04463319624356396,63.536570564373946
811,0.7636076702980098,long,0.011826808385483936,0.04730723354193574,0.01,31.768285282186973,-0.31521202656178954,0.044475599395061766,63.176882938417094
812,0.8834643566907586,long,0.011845522308330848,0.04738208923332339,0.02,31.588441469208547,-0.2107955594792718,0.04422381805689197,62.92186356088093
813,0.9189109681762612,long,0.012096459108176222,0.04838583643270489,0.02,31.460931780440465,-0.23458255197253886,0.04404530449261665,62.64323570441577
814,0.9104342083423077,long,0.011955647240845859,0.047822588963383435,0.02,31.321617852207886,-0.027740927484023858,0.04385026499309104,62.57164451193866
815,0.9174212704791078,long,0.01210711596852798,0.04842846387411192,0.02,31.28582225596933,0.12652998518611083,0.04380015115835706,62.65437434596641
816,0.6623203509522867,long,0.012950787972541851,0.051803151890167404,0.01,31.327187172983205,0.12054742816250083,0.04385806204217649,62.73106371208674
817,0.7440064623856011,long,0.013113212871362124,0.052452851485448496,0.01,31.36553185604337,-0.15806223717478496,0.043911744598460714,62.529089730313494
818,0.6666114474733378,long,0.013273762028821154,0.053095048115284614,0.01,31.264544865156747,-0.28793641650071156,0.043770362811219446,62.197382951001565
819,0.8613837169167318,long,0.013175636629810888,0.052702546519243554,0.02,31.098691475500782,-0.067092758124128,0.0435381680657011,62.08675202481174
820,0.8530118475174712,long,0.01261828671038435,0.0504731468415374,0.02,31.04337601240587,0.16955707990506458,0.043460726417368215,62.212848378299434
821,0.8439136041624287,long,0.012363796900924677,0.04945518760369871,0.01,31.106424189149717,0.4762711872396339,0.04354899386480961,62.645570571674256
824,0.6182797335901272,long,0.01270056669947723,0.05080226679790892,0.005,24.662509970619194,-0.04289501069994617,0.04385189940017198,62.55882366157414
825,0.6758703063728816,long,0.012538960853278418,0.050155843413113674,0.01,31.27941183078707,-0.20601902123734447,0.0437911765631019,62.30901346377369
826,0.7261583291640894,long,0.012136861612252683,0.04854744644901073,0.01,31.154506731886844,0.048140309906194126,0.043616309424641585,62.31353746425524
827,0.8194102793624609,long,0.012078559872431165,0.04831423948972466,0.01,31.15676873212762,0.029826792073568944,0.043619476224978665,62.299744780103836
828,0.7984850106241883,long,0.011889113074563345,0.04755645229825338,0.01,31.149872390051918,0.13419712443758008,0.04360982134607269,62.39033208319534
829,0.7635714223561746,long,0.011807938352194637,0.04723175340877855,0.01,31.19516604159767,0.0353538481071793,0.04367323245823674,62.38201269884428
830,0.8056535533739795,long,0.010899861049059116,0.043599444196236466,0.01,31.19100634942214,0.08263189929886113,0.043667408889190996,62.42097718925395
831,0.8030209834405041,long,0.010481822636096509,0.041927290544386035,0.01,31.210488594626973,-0.20812757152457975,0.04369468403247777,62.16915493369689
832,0.7587507613878849,long,0.010337067352316454,0.041348269409265816,0.01,31.084577466848444,-0.6216915493369689,0.04351840845358782,61.503944975906336
833,0.8282671620825953,long,0.010370279020838008,0.04148111608335203,0.01,30.751972487953168,0.006160015855687874,0.04305276148313444,61.467052230278895
834,0.7883437591170676,long,0.010335787725109982,0.041343150900439926,0.01,30.733526115139448,0.6739484245190349,0.04302693656119523,62.09797371823673
835,0.8145149561866759,long,0.010406841368218615,0.04162736547287446,0.01,31.048986859118365,1.2354113155507263,0.04346858160276571,63.28991645218469
841,0.7432924657269597,long,0.012886020200954697,0.05154408080381879,0.01,31.644958226092346,0.04965518643562531,0.04430294151652929,63.295268697103786
844,0.6655574772367208,long,0.013313124530984658,0.05325249812393863,0.01,31.647634348551893,0.2718237509248001,0.044306688087972654,63.52278575994062
850,0.6145927488124717,long,0.013179678323359938,0.05271871329343975,0.005,24.09876182158084,-0.16917120839226027,0.04446595003195843,63.309148601516405
851,0.581376944337476,long,0.012403352007037355,0.04961340802814942,0.005,25.52098358798346,-0.0049626432274415076,0.04431640402106148,63.2598695542679
852,0.7283231998180208,long,0.011008385450039453,0.04403354180015781,0.01,31.62993477713395,0.09643630260663573,0.04428190868798754,63.31202394818655
853,0.6183233811570752,long,0.010870765660635445,0.04348306264254178,0.005,29.120314945914156,0.2229550388921691,0.044318416763730585,63.490660570314986
854,0.5911351712285957,long,0.010575958762559231,0.042303835050236924,0.005,30.016503465900026,-0.012509888083841887,0.04444346239922049,63.43370721983192
861,0.5946366163282953,long,0.01530766551799986,0.06123066207199944,0.005,20.71958887043945,0.5271425572287167,0.04440359505388235,63.91644618200676
862,0.6488847299664389,long,0.015420396242282806,0.061681584969131224,0.005,20.724644547961592,0.7605877399475519,0.04474151232740473,64.6322924096269
863,0.7482796210390699,long,0.016204057031705594,0.06481622812682238,0.01,32.31614620481345,1.1860733641739947,0.045242604686738824,65.77312316911416
864,0.6412727076915069,long,0.018096540417968984,0.07238616167187593,0.005,18.172844546520242,0.15007604355234147,0.04604118621837991,65.87715802644813
879,0.5917620460612542,long,0.013800966836666859,0.055203867346667435,0.005,23.86686338939079,0.18144881388037382,0.04611401061851369,66.01249282971
880,0.5903303930155716,long,0.01358162253498322,0.05432649013993288,0.005,24.302137929277812,0.0331338023329243,0.046208744980797,65.99941788706212
881,0.6758337668563915,long,0.013127824333555077,0.05251129733422031,0.01,32.99970894353106,-0.25724740627518733,0.04619959252094349,65.69597088826599
882,0.6685191501952766,long,0.012772532835848947,0.05109013134339579,0.01,32.847985444132995,-0.36252228582321666,0.045987179621786195,65.28746142282098
883,0.8791151319852275,long,0.012960661427586192,0.05184264571034477,0.02,32.64373071141049,-1.3057492284564196,0.045701222995974684,63.93601097136859
884,0.9251321555805223,long,0.013861829639348061,0.055447318557392246,0.02,31.968005485684294,-0.11532983156841954,0.04475520767995801,63.77592593212022
885,0.8550398757904015,long,0.013010340184446493,0.05204136073778597,0.02,31.88796296606011,-0.2016036072280657,0.04464314815248415,63.52967917673967
886,0.7080583477687691,long,0.013146451762523149,0.052585807050092595,0.01,31.764839588369835,0.284187598048903,0.04447077542371777,63.76939599936485
887,0.7235412710358748,long,0.012793234158203354,0.051172936632813415,0.01,31.884697999682427,-0.06157108038845508,0.0446385771995554,63.66318634177684
888,0.7956482804408902,long,0.013025044647251495,0.05210017858900598,0.01,31.83159317088842,0.19426703185303737,0.04456423043924379,63.81288914319064
890,0.7338526550687596,long,0.012799751753083845,0.05119900701233538,0.01,31.90644457159532,0.4689938690611587,0.044669022400233446,64.23721398985157
894,0.6442011478854749,long,0.01312794713863945,0.0525117885545578,0.005,24.465825963292602,0.11127633161483891,0.0449660497928961,64.30352427167352
897,0.6213965501642675,long,0.012893568251278438,0.051574273005113754,0.005,24.936279476124707,0.03213211187172702,0.045012466990171474,64.29064391655508
898,0.6223261333955771,long,0.012344792687940745,0.04937917075176298,0.005,26.039580226956215,0.3348193091834391,0.04500345074158856,64.58045977499694
910,0.6258024677546882,long,0.012501545805302666,0.050006183221210664,0.005,25.828989782849273,-0.16321989734660827,0.04520632184249786,64.37203355580783
912,0.5604006567496731,long,0.013035605391211229,0.052142421564844915,0.005,24.690849263973682,0.09249120292280172,0.045060423489065485,64.41946433524157
913,0.7152440723420361,long,0.012058355008524856,0.048233420034099424,0.01,32.209732167620786,0.27217911144343754,0.0450936250346691,64.64654982165034
914,0.77597163015565,long,0.01181983146486362,0.04727932585945448,0.01,32.32327491082517,0.32058929353002114,0.04525258487515524,64.9218865303052
915,0.5889474339907739,long,0.011318719468346233,0.04527487787338493,0.005,28.678989134709457,0.34100169340871206,0.04544532057121364,65.2174429031427
917,0.7290924204396776,long,0.011507150241212901,0.046028600964851604,0.01,32.60872145157135,0.31181668514165745,0.045652210032199894,65.48360737825215
918,0.8194512654347421,long,0.011321725705463546,0.045286902821854186,0.01,32.74180368912607,0.3566522916647263,0.0458385251647765,65.79442114475209
919,0.727777382659449,long,0.011310490518115076,0.045241962072460305,0.01,32.897210572376046,0.2980685802779644,0.04605609480132646,66.04643363022873
920,0.8111254298283463,long,0.011483183596845165,0.04593273438738066,0.01,33.02321681511437,0.2226157631533433,0.04623250354116011,66.22281688984091
921,0.8747406104885586,long,0.011517902596300698,0.04607161038520279,0.02,33.11140844492046,-0.08428154194362987,0.04635597182288864,66.0921793760744
922,0.7953454952124632,long,0.011272463241967718,0.04508985296787087,0.01,33.0460896880372,-0.07558190779983442,0.04626452556325208,65.97033294271132
924,0.7570985194460245,long,0.010244009138190879,0.040976036552763516,0.01,32.98516647135566,-0.08978609451202216,0.04617923305989793,65.8343676151394
925,0.6190127249392083,long,0.00970635324939965,0.0388254129975986,0.005,32.9171838075697,-0.16489334731249763,0.04608405733059758,65.6233902104963
926,0.6296841200912683,long,0.00977437186542854,0.03909748746171416,0.005,32.81169510524815,-0.019619190718096757,0.045936373147347415,65.55783464663085
927,0.7007252425608442,long,0.009879002778183993,0.03951601111273597,0.01,32.778917323315426,-0.09785586031354764,0.0458904842526416,65.41408830206467
928,0.8300895845441759,long,0.00975522046005882,0.03902088184023528,0.01,32.707044151032335,-0.15629272740488007,0.04578986181144527,65.21200571284835
929,0.8106251245302579,long,0.010082417582417652,0.04032967032967061,0.01,32.606002856424176,-0.2814706229486179,0.04564840399899385,64.88488668590074
930,0.7368408456389213,long,0.009358615548195583,0.03743446219278233,0.01,32.44244334295037,-0.1526507300763334,0.04541942068013052,64.68681653514427
931,0.655336341770113,long,0.009195747234845326,0.036782988939381304,0.01,32.34340826757214,-0.18857513180098207,0.04528077157460099,64.45296063176869
932,0.7923048933445752,long,0.009486655253531793,0.03794662101412717,0.01,32.226480315884345,0.07223799363850583,0.04511707244223809,64.48008155296496
933,0.790453901081414,long,0.010093568113165918,0.04037427245266367,0.01,32.24004077648248,0.16904267555143787,0.04513605708707547,64.60398817142932
934,0.6850708675699485,long,0.010238403252633588,0.04095361301053435,0.01,32.30199408571466,0.44016516304811687,0.04522279172000052,64.99893054275745
935,0.673248381959915,long,0.010175115207373315,0.04070046082949326,0.01,32.499465271378725,0.40536967435267784,0.04549925137993022,65.3588009657302
939,0.578401545195793,long,0.010519215343105097,0.042076861372420386,0.005,31.066386053485513,-0.326794004828651,0.04575116067601114,64.98625580022554
940,0.6261604606181584,long,0.010121075687515232,0.04048430275006093,0.005,32.104421410655384,-0.32493127900112767,0.045490379060157876,64.61583414216425
943,0.5935983148751207,long,0.012617753169314013,0.05047101267725605,0.005,25.605126869698154,0.37271580676691124,0.045231083899514975,64.94331886503164
946,0.6617185874226116,long,0.013501666872453341,0.054006667489813365,0.01,32.47165943251582,0.26662123129550447,0.04546032320552215,65.16447977312163
950,0.5688111485574067,long,0.012280141887496406,0.04912056754998562,0.005,26.532462071741964,0.148175103931888,0.045615135841185143,65.26703974121233
951,0.6378754036941033,long,0.012334251765111005,0.04933700706044402,0.005,26.457640473104508,0.0728986133235204,0.04568692781884863,65.294251426717
954,0.6299502865080411,long,0.012889158754691913,0.05155663501876765,0.005,25.329136163734727,0.0,0.045705975998701895,65.2485454507183
955,0.6049095680751002,long,0.011761257465284065,0.04704502986113626,0.005,27.738762476424697,-0.10908635324574834,0.04567398181550281,65.09378511565706
956,0.6482417419927827,long,0.011587233521195714,0.046348934084782856,0.005,28.088579123129588,-0.13249329775060642,0.04556564958095994,64.91572616832549
957,0.618865016674339,long,0.010515566350187603,0.042062265400750413,0.005,30.8664906893804,0.18287719882939948,0.04544100831782785,65.05316235883707
958,0.6778124363431776,long,0.010455877484458672,0.04182350993783469,0.01,32.526581179418535,-0.09212747222734745,0.045537213651185945,64.91549767295854
959,0.6861676289434113,long,0.009167846371637794,0.036671385486551175,0.01,32.45774883647927,0.10348442110725194,0.04544084837107098,64.97354124569472
961,0.6466233964344296,long,0.01078068514374245,0.0431227405749698,0.005,30.13423561646637,0.16600026505885868,0.04548147887198631,65.09406003188158
962,0.6362950609661883,long,0.010399538616339854,0.041598154465359416,0.005,31.29660960612482,0.11290651120574614,0.045565842022317116,65.16140070106502
963,0.6818726342224365,long,0.01026590063713035,0.0410636025485214,0.01,32.58070035053251,0.20158205940004859,0.04561298049074551,65.31736977997433
968,0.6272472110803852,long,0.010070197361167274,0.0402807894446691,0.005,32.43102763400218,0.28089647466205325,0.04572215884598203,65.55254409579041
984,0.5586773925061745,long,0.010066744228767386,0.040266976915069544,0.005,32.558959781884184,0.18979933691968212,0.045886780867053285,65.69645665184304
