idx,i_test,signal,prob,regime,atr,stop_pct,tp_pct,position_value,profit,cost,capital_after,ev
3,3,short,0.3721362491543764,-1,0.0,0.01,0.03,50.0,-0.088735,0.07,99.841265,1.511455
5,5,short,0.23042027775370258,-1,0.0,0.01,0.03,49.920632,-0.210831,0.069889,99.560545,2.078319
6,6,short,0.18131513418531786,0,0.0,0.01,0.03,49.780272,0.134042,0.069692,99.624895,2.274739
7,7,short,0.21286400277200926,0,0.0,0.01,0.03,49.812447,0.09911,0.069737,99.654267,2.148544
8,8,short,0.1867574553199958,0,0.0,0.01,0.03,49.827133,0.150633,0.069758,99.735142,2.25297
9,9,short,0.18058086337888254,0,0.0,0.01,0.03,49.867571,0.143108,0.069815,99.808435,2.277677
10,10,short,0.16513019867866635,0,0.0,0.01,0.03,49.904218,0.028979,0.069866,99.767548,2.339479
11,11,short,0.3328018767717224,0,0.0,0.01,0.03,49.883774,-0.125852,0.069837,99.571859,1.668792
12,12,short,0.3351420113956758,0,0.0,0.01,0.03,49.785929,-0.352904,0.0697,99.149254,1.659432
13,13,short,0.3286612146375081,0,0.006735714285714321,0.005954696316802505,0.017864088950407517,49.574627,-4.957463,0.069404,94.122387,1.685355
15,15,short,0.1674076686301125,0,0.007142857142857181,0.006288113829951828,0.018864341489855486,47.061194,-0.20632,0.065886,93.850182,2.330369
16,16,short,0.3896004895539969,0,0.006807142857142885,0.006010722169662591,0.01803216650898777,46.925091,-4.692509,0.065695,89.091978,1.441598
17,17,short,0.21279838302914164,0,0.007200000000000016,0.006334682386063713,0.019004047158191137,44.545989,0.168527,0.062364,89.19814,2.148806
18,18,short,0.22514588210950245,0,0.007050000000000016,0.006162156492552983,0.01848646947765895,44.59907,0.383588,0.062439,89.519289,2.099416
19,19,short,0.11721300593748518,0,0.007342857142857159,0.006410344350229302,0.019231033050687907,44.759645,0.55995,0.062664,90.016575,2.531148
20,20,short,0.08369807082016265,0,0.007000000000000006,0.006135453278523289,0.018406359835569867,45.008288,0.271412,0.063012,90.224976,2.665208
27,27,short,0.38948526717755977,0,0.007385714285714297,0.00653533632332345,0.019606008969970348,45.112488,0.122948,0.063157,90.284767,1.442059
28,28,long,0.7056193801086689,0,0.006978571428571437,0.006208251573350151,0.018624754720050454,45.142384,0.246579,0.063199,90.468146,1.822478
31,31,short,0.21774400926655002,0,0.007107142857142883,0.0063267958562348734,0.01898038756870462,45.234073,-4.523407,0.063328,85.881411,2.129024
33,33,short,0.27452225616806036,0,0.007892857142857162,0.006983469716388987,0.02095040914916696,42.940706,-4.294071,0.060117,81.527224,1.901911
34,34,short,0.085289392993069,0,0.008100000000000012,0.007080419580419591,0.021241258741258772,40.763612,0.046322,0.057069,81.516477,2.658842
35,35,short,0.19596078385654694,0,0.008000000000000023,0.006988120195667385,0.020964360587002153,40.758239,0.364218,0.057062,81.823634,2.216157
47,47,short,0.38655188334406054,0,0.010271428571428598,0.00907129609770255,0.02721388829310765,40.911817,0.71938,0.057277,82.485737,1.453792
48,48,short,0.30107634739758754,0,0.010085714285714333,0.008921936843808017,0.02676581053142405,41.242869,0.677871,0.05774,83.105868,1.795695
51,51,long,0.7309118484166955,0,0.009685714285714313,0.008634467827692723,0.02590340348307817,41.552934,-4.155293,0.058174,78.892401,1.923647
52,52,short,0.3665828947279887,0,0.009814285714285744,0.008822702212610455,0.026468106637831366,39.4462,0.796449,0.055225,79.633625,1.533668
53,53,short,0.26674692492531465,0,0.009757142857142877,0.008775513875076787,0.026326541625230362,39.816812,0.156136,0.055744,79.734017,1.933012
55,55,short,0.08911963788521701,-1,0.009750000000000005,0.008925220384287955,0.026775661152863867,39.867009,0.051822,0.055814,79.730026,2.643521
56,56,short,0.273830068834508,-1,0.009214285714285715,0.00848859567042139,0.02546578701126417,39.865013,-0.319878,0.055811,79.354337,1.90468
57,57,short,0.29388480828122193,-1,0.008749999999999989,0.008028038497885175,0.024084115493655526,39.677168,-0.180925,0.055548,79.117864,1.824461
58,58,short,0.25012894714051337,-1,0.008385714285714283,0.007571751048049014,0.022715253144147043,39.558932,0.157521,0.055383,79.220003,1.999484
59,59,short,0.36365410272732185,-1,0.008392857142857122,0.007640358258024308,0.022921074774072923,39.610001,-3.961,0.055454,75.203549,1.545384
60,60,short,0.07718489421722682,-1,0.008628571428571414,0.007908937230012571,0.023726811690037715,37.601774,-3.760177,0.052642,71.390729,2.69126
61,61,short,0.0942302824089608,-1,0.008478571428571415,0.007748648719220814,0.023245946157662442,35.695364,-0.24793,0.049974,71.092825,2.623079
62,62,short,0.06754197700514479,-1,0.008899999999999972,0.008128596218832745,0.024385788656498236,35.546413,-0.256477,0.049765,70.786583,2.729832
63,63,short,0.06476024204460237,-1,0.008407142857142851,0.0076214478031192846,0.022864343409357855,35.393292,0.083102,0.049551,70.820134,2.740959
64,64,short,0.058747452477257295,-1,0.008278571428571422,0.00746570542220206,0.02239711626660618,35.410067,0.295063,0.049574,71.065623,2.76501
65,65,short,0.20789991291599433,-1,0.008285714285714294,0.0074983839689722115,0.022495151906916633,35.532811,0.218663,0.049746,71.23454,2.1684
66,66,short,0.1911853857609351,-1,0.008500000000000016,0.007714648756580157,0.02314394626974047,35.61727,0.109587,0.049864,71.294263,2.235258
67,67,short,0.23379255678474473,-1,0.008571428571428594,0.007772423441629121,0.02331727032488736,35.647131,-0.187804,0.049906,71.056553,2.06483
68,68,short,0.31515341464087493,-1,0.00832142857142859,0.007561498020380364,0.02268449406114109,35.528277,-3.552828,0.04974,67.453986,1.739386
72,72,short,0.173786652522067,-1,0.008535714285714282,0.007699474373958634,0.0230984231218759,33.726993,0.547914,0.047218,67.954682,2.304853
73,73,short,0.22637704360061425,0,0.008228571428571443,0.007375254484692519,0.022125763454077556,33.977341,0.751775,0.047568,68.658889,2.094492
74,74,short,0.15128355783598288,0,0.008021428571428593,0.007248715499212536,0.02174614649763761,34.329444,0.583222,0.048061,69.19405,2.394866
75,75,short,0.1302101065414292,0,0.007914285714285747,0.007164194545384038,0.021492583636152113,34.597025,0.53867,0.048436,69.684284,2.47916
76,76,short,0.3659191338583114,0,0.0076428571428571734,0.006965592576631312,0.020896777729893935,34.842142,0.285792,0.048779,69.921297,1.536323
78,78,long,0.6043981464488292,0,0.007678571428571439,0.0070470823767875106,0.02114124713036253,34.960648,-0.023102,0.048945,69.84925,1.417593
83,83,short,0.3952269373068606,-1,0.0075785714285714345,0.006959905434498833,0.0208797163034965,34.924625,0.122842,0.048894,69.923198,1.419092
103,103,short,0.37878447569161916,-1,0.0072571428571428665,0.006902886711127788,0.020708660133383364,34.961599,0.171928,0.048946,70.046179,1.484862
112,112,long,0.767917023437069,0,0.007757142857142875,0.007228049624620644,0.02168414887386193,35.02309,-0.002284,0.049032,69.994863,2.071668
113,113,long,0.8507898032664163,0,0.007378571428571441,0.006909745215687073,0.02072923564706122,34.997431,-0.087178,0.048996,69.858688,2.403159
114,114,long,0.7650892603230427,0,0.0073071428571428775,0.006810011982425795,0.020430035947277384,34.929344,0.055666,0.048901,69.865453,2.060357
115,115,long,0.8007856528145637,0,0.007464285714285733,0.006955361885149355,0.020866085655448063,34.932726,-0.04134,0.048906,69.775207,2.203143
116,116,long,0.8827144570522757,0,0.007764285714285731,0.007204496348042805,0.021613489044128416,34.887604,-3.48876,0.048843,66.237604,2.530858
117,117,long,0.9105694927486496,0,0.007214285714285729,0.006722657752821866,0.0201679732584656,33.118802,-0.081784,0.046366,66.109454,2.642278
118,118,long,0.9090618755790509,0,0.007514285714285743,0.00705440880433138,0.02116322641299414,33.054727,0.198603,0.046277,66.261781,2.636248
119,119,long,0.7833029119550639,0,0.007271428571428595,0.006765944832958282,0.020297834498874845,33.13089,-3.313089,0.046383,62.902308,2.133212
120,120,long,0.8876463203130442,0,0.007271428571428595,0.006783681846654161,0.020351045539962483,31.451154,-3.145115,0.044032,59.713161,2.550585
121,121,long,0.9187054057169415,0,0.007114285714285724,0.00665259558096664,0.01995778674289992,29.856581,-2.985658,0.041799,56.685704,2.674822
122,122,long,0.9052543760850031,0,0.00727142857142858,0.00679268045309448,0.02037804135928344,28.342852,-2.834285,0.03968,53.811739,2.621018
123,123,long,0.8358742599109658,0,0.007164285714285734,0.006685659360656346,0.02005697808196904,26.905869,-2.690587,0.037668,51.083484,2.343497
125,125,long,0.6132214353360728,0,0.007135714285714309,0.006786223761972713,0.020358671285918138,25.541742,-0.041294,0.035758,51.006431,1.452886
131,131,long,0.7486204087763905,0,0.006728571428571449,0.006401030688253517,0.01920309206476055,25.503215,0.172986,0.035705,51.143713,1.994482
159,159,long,0.8813460709174858,0,0.007007142857142863,0.0068733193297918155,0.020619957989375447,25.571856,0.125417,0.035801,51.233329,2.525384
160,160,long,0.8119293230972655,0,0.0070857142857142985,0.006929929471201684,0.020789788413605053,25.616665,-0.109734,0.035863,51.087732,2.247717
161,161,long,0.8126021544245753,0,0.006878571428571448,0.006705110226998984,0.020115330680996954,25.543866,-0.163591,0.035761,50.888379,2.250409
162,162,long,0.857261579292302,0,0.007057142857142873,0.00694429801440873,0.02083289404322619,25.44419,0.128191,0.035622,50.980949,2.429046
163,163,long,0.8488910036250055,0,0.006442857142857147,0.006335720115700649,0.019007160347101947,25.490474,0.322106,0.035687,51.267368,2.395564
164,164,long,0.7874680704756355,0,0.006821428571428582,0.006658495194030651,0.019975485582091952,25.633684,0.189662,0.035887,51.421143,2.149872
165,165,long,0.8971051931237066,0,0.006471428571428572,0.0063563781273240074,0.01906913438197202,25.710571,0.194452,0.035995,51.5796,2.588421
166,166,long,0.8295174310066116,0,0.006357142857142855,0.006236773135625286,0.01871031940687586,25.7898,-0.083748,0.036106,51.459746,2.31807
167,167,long,0.862052167536671,0,0.006600000000000018,0.006461909004572309,0.019385727013716925,25.729873,-0.116889,0.036022,51.306836,2.448209
168,168,long,0.9316777459277317,0,0.006485714285714317,0.006298277545946936,0.018894832637840808,25.653418,-2.565342,0.035915,48.705579,2.726711
169,169,long,0.962660882804619,0,0.0061714285714286055,0.005979776727318062,0.017939330181954184,24.35279,-2.435279,0.034094,46.236206,2.850644
170,170,long,0.9718684992288998,0,0.006064285714285729,0.005911762248280101,0.017735286744840303,23.118103,-2.31181,0.032365,43.892031,2.887474
171,171,long,0.974157842909966,0,0.00630714285714286,0.006207878873948425,0.018623636621845276,21.946015,-2.194602,0.030724,41.666705,2.896631
172,172,long,0.9504589387153313,0,0.006457142857142844,0.006350892426841781,0.019052677280525343,20.833352,-2.083335,0.029167,39.554203,2.801836
173,173,long,0.8832206051363354,0,0.006471428571428572,0.006359501347708896,0.019078504043126686,19.777101,-1.97771,0.027688,37.548805,2.532882
174,174,long,0.9575296134500386,0,0.006342857142857127,0.006288399602301199,0.018865198806903596,18.774402,-1.87744,0.026284,35.64508,2.830118
192,192,long,0.9207060200726909,0,0.006028571428571399,0.00605023125646956,0.018150693769408678,17.82254,0.008764,0.024952,35.628893,2.682824
193,193,long,0.8836985213010835,0,0.005857142857142831,0.005869880497823107,0.01760964149346932,17.814447,-1.781445,0.02494,33.822508,2.534794
194,194,long,0.9089260238564957,0,0.006657142857142838,0.00665980677985478,0.01997942033956434,16.911254,-1.691125,0.023676,32.107707,2.635704
195,195,long,0.9632686463082071,0,0.006764285714285699,0.006754154482561856,0.020262463447685567,16.053854,-1.605385,0.022475,30.479846,2.853075
196,196,long,0.9696224925750393,0,0.006535714285714264,0.006519025580228878,0.019557076740686637,15.239923,-1.523992,0.021336,28.934518,2.87849
197,197,long,0.9660672691676768,0,0.006635714285714268,0.006656282197705177,0.01996884659311553,14.467259,-1.446726,0.020254,27.467538,2.864269
198,198,long,0.9357933210833665,0,0.006628571428571428,0.006739092546331261,0.020217277638993784,13.733769,-1.373377,0.019227,26.074934,2.743173
218,218,long,0.9035342102266815,0,0.00944285714285715,0.009663672049180935,0.028991016147542806,13.037467,0.377969,0.018252,26.434651,2.614137
219,219,long,0.8681253033579287,0,0.00914285714285715,0.009344511705460998,0.028033535116382995,13.217325,0.243294,0.018504,26.659441,2.472501
220,220,long,0.849896037296057,0,0.00929285714285715,0.009423848638938394,0.02827154591681518,13.32972,0.13788,0.018662,26.778659,2.399584
221,221,long,0.9391301998312185,0,0.0089357142857143,0.00905432595573442,0.027162977867203262,13.38933,0.016823,0.018745,26.776737,2.756521
222,222,long,0.9688912141245456,0,0.009500000000000017,0.009532410194661866,0.028597230583985597,13.388369,-0.122787,0.018744,26.635206,2.875565
223,223,long,0.9627815210197519,0,0.009492857142857145,0.009417797298388984,0.02825339189516695,13.317603,-1.33176,0.018645,25.284801,2.851126
224,224,long,0.9721015508824864,0,0.009414285714285708,0.009448015128293717,0.02834404538488115,12.642401,-1.26424,0.017699,24.002862,2.888406
225,225,long,0.9632872468690341,0,0.00972857142857142,0.009764700821611383,0.029294102464834146,12.001431,-0.005903,0.016802,23.980157,2.853149
226,226,long,0.8579217821764135,0,0.00914285714285715,0.009252592894586952,0.027757778683760857,11.990079,0.166964,0.016786,24.130335,2.431687
227,227,long,0.9415774369598682,0,0.009578571428571436,0.009700212088156924,0.02910063626447077,12.065167,0.242168,0.016891,24.355612,2.76631
228,228,long,0.9285548075478327,0,0.009321428571428576,0.009497512452294108,0.028492537356882324,12.177806,0.242822,0.017049,24.581385,2.714219
229,229,long,0.9765334338541365,0,0.009142857142857135,0.009379213318482904,0.028137639955448712,12.290692,0.345831,0.017207,24.910009,2.906134
230,230,long,0.9203745681731436,0,0.008828571428571423,0.008865718790302792,0.026597156370908377,12.455004,0.331268,0.017437,25.223839,2.681498
231,231,long,0.9159645320421244,0,0.00898571428571428,0.00896867380548386,0.02690602141645158,12.61192,0.339337,0.017657,25.545519,2.663858
232,232,long,0.852405344598812,0,0.008942857142857126,0.008878223674506717,0.02663467102352015,12.77276,0.340198,0.017882,25.867836,2.409621
233,233,long,0.8694622883098554,0,0.008635714285714255,0.008626828652202486,0.025880485956607458,12.933918,0.334736,0.018107,26.184464,2.477849
234,234,long,0.8209515771503335,1,0.008449999999999973,0.008277821316614394,0.024833463949843183,13.092232,0.195973,0.018329,26.362108,2.283806
235,235,long,0.8564198927011601,1,0.008635714285714255,0.00834062304247161,0.02502186912741483,13.181054,-0.038574,0.018453,26.305081,2.42568
236,236,long,0.905018486746767,1,0.007928571428571396,0.007677888373186845,0.023033665119560537,13.15254,-1.315254,0.018414,24.971413,2.620074
237,237,long,0.9156549042692315,1,0.008549999999999962,0.008262625872166028,0.02478787761649808,12.485707,-0.054056,0.01748,24.899877,2.66262
238,238,long,0.9189471618031015,1,0.008457142857142814,0.008136405742763093,0.02440921722828928,12.449939,0.001437,0.01743,24.883885,2.675789
239,239,long,0.9433645298319717,1,0.00823571428571425,0.007948917347805432,0.023846752043416297,12.441942,0.057522,0.017419,24.923988,2.773458
240,240,long,0.946932839766394,1,0.008499999999999952,0.008233641691286823,0.02470092507386047,12.461994,0.086311,0.017447,24.992852,2.787731
241,241,long,0.919614835060153,1,0.00805714285714281,0.007867458434292028,0.023602375302876087,12.496426,0.119216,0.017495,25.094573,2.678459
242,242,long,0.892912996877423,1,0.008107142857142804,0.007868720622287493,0.023606161866862478,12.547286,0.030446,0.017566,25.107452,2.571652
243,243,long,0.8912559405753597,1,0.007807142857142822,0.0075101899466521954,0.022530569839956587,12.553726,0.010506,0.017575,25.100383,2.565024
244,244,long,0.9208254559784381,1,0.008107142857142821,0.00778881402782559,0.02336644208347677,12.550192,0.141072,0.01757,25.223885,2.683302
245,245,long,0.8734775384494973,1,0.007885714285714258,0.007586064728921845,0.022758194186765536,12.611942,0.166825,0.017657,25.373053,2.49391
246,246,long,0.9238116154957733,1,0.008149999999999975,0.007882926451812567,0.023648779355437702,12.686526,0.182712,0.017761,25.538004,2.695246
247,247,long,0.9322173139986375,1,0.008321428571428544,0.008057153922761953,0.024171461768285857,12.769002,0.16938,0.017877,25.689507,2.728869
248,248,long,0.8674078638962694,1,0.00823571428571425,0.007915835378085804,0.023747506134257412,12.844753,0.121977,0.017983,25.793501,2.469631
249,249,long,0.836406761882662,1,0.008157142857142832,0.00774973907402152,0.02324921722206456,12.896751,0.034675,0.018055,25.810121,2.345627
250,250,long,0.7970985917645164,1,0.007985714285714247,0.007581974161608589,0.022745922484825768,12.90506,0.00049,0.018067,25.792544,2.188394
251,251,long,0.8222110884147272,1,0.007492857142857111,0.007144423603704445,0.021433270811113337,12.896272,0.060253,0.018055,25.834742,2.288844
252,252,long,0.8347191381975894,1,0.008107142857142821,0.007746911473619514,0.02324073442085854,12.917371,0.206629,0.018084,26.023286,2.338877
253,253,long,0.7438746408125725,1,0.00807857142857138,0.007691753162051795,0.023075259486155384,13.011643,0.221261,0.018216,26.226331,1.975499
254,254,long,0.8198181300830756,1,0.008135714285714246,0.007708654809280128,0.023125964427840384,13.113165,0.090577,0.018358,26.298549,2.279273
255,255,long,0.686680742594937,1,0.008528571428571394,0.008097078134769526,0.024291234404308578,13.149275,0.063668,0.018409,26.343809,1.746723
256,256,long,0.7365387730949213,1,0.00873571428571426,0.008290749746803324,0.024872249240409972,13.171904,0.086632,0.018441,26.412,1.946155
257,257,long,0.7053239029263252,1,0.00934999999999997,0.008793875324479863,0.026381625973439588,13.206,-0.011427,0.018488,26.382085,1.821296
258,258,long,0.7306681482896581,1,0.009028571428571401,0.008452531412789779,0.025357594238369335,13.191042,-0.095832,0.018467,26.267786,1.922673
259,259,long,0.8277713622970698,1,0.009364285714285683,0.008811869608527118,0.026435608825581353,13.133893,-0.037572,0.018387,26.211826,2.311085
260,260,long,0.9033236037058093,1,0.008942857142857126,0.008449491343320634,0.025348474029961904,13.105913,0.041235,0.018348,26.234713,2.613294
261,261,long,0.8197079618921475,1,0.009157142857142848,0.008633926887745473,0.025901780663236416,13.117357,0.033641,0.018364,26.249989,2.278832
262,262,long,0.7913297508218778,1,0.009135714285714278,0.008599776230998455,0.025799328692995366,13.124995,0.019521,0.018375,26.251135,2.165319
263,263,long,0.6565220251534174,1,0.009071428571428555,0.008554803960267972,0.025664411880803917,13.125568,0.008788,0.018376,26.241548,1.626088
264,264,long,0.8243715126450243,1,0.009300000000000006,0.008776482800924839,0.026329448402774517,13.120774,0.079741,0.018369,26.30292,2.297486
265,265,long,0.7900487803658645,1,0.009350000000000016,0.00880646498135103,0.02641939494405309,13.15146,0.105661,0.018412,26.390169,2.160195
268,268,long,0.7575047474353693,1,0.01015714285714288,0.009572276747849289,0.028716830243547868,13.195084,-0.009575,0.018473,26.36212,2.030019
272,272,long,0.7337033610804903,1,0.00959285714285715,0.009096204383517116,0.027288613150551345,13.18106,0.233225,0.018453,26.576891,1.934813
274,274,long,0.7073625146334727,1,0.009249999999999996,0.008792775665399235,0.026378326996197705,13.288446,0.350527,0.018604,26.908815,1.82945
275,275,short,0.3834774035972547,0,0.009099999999999997,0.008551586742221342,0.025654760226664027,13.454407,-1.345441,0.018836,25.544538,1.46609
276,276,long,0.6726550852687886,0,0.00924285714285714,0.008614675039012358,0.025844025117037074,12.772269,0.107852,0.017881,25.634509,1.69062
277,277,short,0.32110636093531364,0,0.009428571428571437,0.00878498353481117,0.026354950604433512,12.817254,-0.065802,0.017944,25.550762,1.715575
290,290,long,0.6470906694319513,1,0.011671428571428602,0.010742324891557771,0.032226974674673316,12.775381,-0.08466,0.017886,25.448216,1.588363
291,291,long,0.6601965105503408,1,0.011278571428571455,0.010396913190054808,0.031190739570164425,12.724108,-1.272411,0.017814,24.157992,1.640786
292,292,long,0.6360838120758961,1,0.012000000000000026,0.011047078968202848,0.033141236904608545,12.078996,-1.2079,0.016911,22.933181,1.544335
293,293,long,0.6030511576932023,1,0.011885714285714324,0.01081502664760175,0.03244507994280525,11.466591,-1.146659,0.016053,21.770469,1.412205
294,294,long,0.6724763740432506,1,0.011342857142857179,0.010397515072468357,0.03119254521740507,10.885235,-1.088523,0.015239,20.666706,1.689905
295,295,long,0.7795651521713368,1,0.011792857142857176,0.010926495328278012,0.03277948598483404,10.333353,-0.112497,0.014467,20.539743,2.118261
296,296,long,0.6573903973662563,1,0.011821428571428602,0.011022105481882486,0.03306631644564746,10.269871,-0.004309,0.014378,20.521056,1.629562
298,298,long,0.7832161139705985,0,0.01166428571428573,0.010891124767071334,0.032673374301214,10.260528,-0.020981,0.014365,20.48571,2.132864
299,299,long,0.7556508996886936,0,0.011714285714285724,0.010907359275112874,0.03272207782533862,10.242855,-0.064186,0.01434,20.407184,2.022604
300,300,long,0.8436033284900062,0,0.012292857142857152,0.011515125562374388,0.03454537668712317,10.203592,0.016727,0.014285,20.409626,2.374413
301,301,long,0.7919900327245308,0,0.012550000000000014,0.011706325146678867,0.0351189754400366,10.204813,-0.034839,0.014287,20.3605,2.16796
302,302,long,0.8242250277223274,0,0.012557142857142886,0.011695641876518531,0.03508692562955559,10.18025,-0.08619,0.014252,20.260058,2.2969
303,303,long,0.8495449461225155,0,0.011692857142857171,0.01094017322497864,0.03282051967493592,10.130029,-0.080183,0.014182,20.165693,2.39818
304,304,long,0.8922991271149874,0,0.011800000000000033,0.011056453501991128,0.03316936050597338,10.082846,-0.072273,0.014116,20.079303,2.569197
305,305,long,0.8074306188158326,0,0.012121428571428585,0.011335959909312333,0.034007879727937,10.039652,-1.003965,0.014056,19.061282,2.229722
306,306,long,0.7841410617667189,0,0.011935714285714303,0.011171473765421797,0.03351442129626539,9.530641,-0.067884,0.013343,18.980055,2.136564
307,307,long,0.8391292034246827,0,0.01306428571428572,0.012271889790512337,0.03681566937153701,9.490028,-0.063203,0.013286,18.903566,2.356517
308,308,long,0.8215736827969978,0,0.013235714285714286,0.012482519084175157,0.03744755725252547,9.451783,0.055801,0.013232,18.946135,2.286295
309,309,long,0.7527880735135931,0,0.012664285714285715,0.011951949522730949,0.03585584856819285,9.473067,0.000536,0.013262,18.933409,2.011152
310,310,long,0.7695564894641014,0,0.012478571428571419,0.011835097194126747,0.03550529158238024,9.466704,0.080807,0.013253,19.000962,2.078226
311,311,long,0.6391924921402938,0,0.011921428571428559,0.011238149105796152,0.03371444731738846,9.500481,0.063677,0.013301,19.051338,1.55677
319,319,short,0.2707383519767877,-1,0.011364285714285651,0.010742204643387106,0.03222661393016132,9.525669,-0.030074,0.013336,19.007928,1.917047
323,323,long,0.7287524870356826,0,0.010721428571428533,0.010136933013849945,0.030410799041549835,9.503964,0.252862,0.013306,19.247484,1.91501
324,324,long,0.770390466767548,0,0.010464285714285688,0.009860339895675559,0.02958101968702668,9.623742,0.19914,0.013473,19.433151,2.081562
325,325,long,0.7300612441946386,0,0.010642857142857112,0.009980267203234382,0.029940801609703145,9.716576,0.08647,0.013603,19.506018,1.920245
326,326,long,0.8833493002285423,0,0.011192857142857116,0.010442072154918476,0.031326216464755426,9.753009,0.070698,0.013654,19.563061,2.533397
327,327,long,0.8223060737678196,0,0.011192857142857116,0.010394941438070801,0.031184824314212406,9.781531,0.065679,0.013694,19.615046,2.289224
328,328,long,0.8358993279944339,0,0.011992857142857123,0.011045180643633377,0.03313554193090013,9.807523,-0.01671,0.013731,19.584605,2.343597
329,329,long,0.6746074214499503,0,0.012007142857142852,0.01108477844290844,0.03325433532872532,9.792303,0.065541,0.013709,19.636437,1.69843
330,330,long,0.6440552922896489,0,0.012628571428571433,0.011737899606435136,0.03521369881930541,9.818218,0.072367,0.013746,19.695058,1.576221
333,333,short,0.34441639971909044,0,0.013000000000000043,0.011993173116841222,0.03597951935052367,9.847529,-0.060142,0.013787,19.62113,1.622334
334,334,long,0.6005136502760194,0,0.013778571428571449,0.012635558781222099,0.0379066763436663,9.810565,0.011696,0.013735,19.619091,1.402055
335,335,long,0.7510266347766398,0,0.014364285714285718,0.01325350911532992,0.039760527345989755,9.809545,0.057293,0.013733,19.66265,2.004107
339,339,long,0.6105412897655993,1,0.015021428571428583,0.013758910906635691,0.041276732719907075,9.831325,0.114454,0.013764,19.76334,1.442165
340,340,long,0.6577044075600954,1,0.01486428571428571,0.013635208059777375,0.04090562417933213,9.88167,0.081219,0.013834,19.830725,1.630818
341,341,long,0.6725272251947502,1,0.015278571428571428,0.01406996171707471,0.042209885151224126,9.915362,0.060539,0.013882,19.877382,1.690109
342,342,long,0.6079617189304685,1,0.015392857142857144,0.014109589937996372,0.042328769813989114,9.938691,0.055572,0.013914,19.919039,1.431847
343,343,long,0.7872543217241768,1,0.014935714285714274,0.013588545850132172,0.040765637550396513,9.95952,-0.033073,0.013943,19.872023,2.149017
344,344,long,0.8723549687312634,1,0.014621428571428563,0.01323841170102272,0.03971523510306816,9.936011,-0.07008,0.01391,19.788032,2.48942
345,345,long,0.8930663992776382,1,0.014328571428571421,0.013036640368093369,0.039109921104280104,9.894016,-0.002701,0.013852,19.77148,2.572266
346,346,long,0.7532923161487259,1,0.01516428571428571,0.013879971913160928,0.04163991573948279,9.88574,0.107496,0.01384,19.865136,2.013169
347,347,long,0.8582802181346233,1,0.014464285714285692,0.013184709643394276,0.03955412893018283,9.932568,0.002988,0.013906,19.854218,2.433121
348,348,long,0.8150030633938183,1,0.013192857142857133,0.012042882310981507,0.03612864693294452,9.927109,0.077116,0.013898,19.917436,2.260012
349,349,long,0.7289641924454965,1,0.01278571428571429,0.011658564290143239,0.03497569287042972,9.958718,0.05285,0.013942,19.956344,1.915857
350,350,long,0.6306363830588341,1,0.011900000000000006,0.010829996359665094,0.03248998907899528,9.978172,0.023611,0.013969,19.965985,1.522546
351,351,long,0.7658594605504747,1,0.01167142857142857,0.01056802145166068,0.03170406435498204,9.982992,-0.062461,0.013976,19.889548,2.063438
352,352,long,0.8181305833169155,1,0.011264285714285711,0.010264708409380261,0.030794125228140783,9.944774,0.024468,0.013923,19.900093,2.272522
353,353,long,0.8432329626269117,1,0.011399999999999997,0.010326086956521735,0.030978260869565205,9.950047,0.018566,0.01393,19.904729,2.372932
354,354,long,0.8522073375413041,1,0.011157142857142865,0.010119857466796249,0.030359572400388744,9.952365,-0.011916,0.013933,19.87888,2.408829
355,355,long,0.743810348183037,1,0.011164285714285722,0.010136449713351845,0.030409349140055535,9.93944,0.003068,0.013915,19.868033,1.975241
356,356,long,0.7800495594762357,1,0.011014285714285723,0.010035795639440294,0.030107386918320884,9.934017,0.026068,0.013908,19.880194,2.120198
357,357,long,0.7273577800462181,1,0.011135714285714313,0.010122640431345278,0.030367921294035833,9.940097,-0.042559,0.013916,19.823719,1.909431
358,358,long,0.7928048877787677,1,0.009964285714285728,0.009008811198565834,0.0270264335956975,9.91186,-0.070437,0.013877,19.739406,2.17122
359,359,long,0.7632765218838932,1,0.010864285714285724,0.00986603980664898,0.02959811941994694,9.869703,-0.086581,0.013818,19.639007,2.053106
360,360,long,0.803244362622022,1,0.01059999999999999,0.009621144734692387,0.028863434204077158,9.819504,-0.98195,0.013747,18.64331,2.212977
361,361,long,0.8598456284378608,1,0.01100714285714285,0.010003037911578593,0.03000911373473578,9.321655,-0.932165,0.01305,17.698094,2.439383
362,362,long,0.7241573596383802,1,0.010985714285714281,0.010029226914845469,0.030087680744536407,8.849047,-0.074808,0.012389,17.610898,1.896629
363,363,long,0.7750515961123586,1,0.01093571428571427,0.009957853110284347,0.02987355933085304,8.805449,-0.880545,0.012328,16.718025,2.100206
364,364,long,0.8619448259680752,0,0.011021428571428547,0.010097321690329583,0.030291965070988747,8.359013,-0.835901,0.011703,15.870421,2.447779
365,365,long,0.9455548921515393,0,0.011485714285714274,0.010588839573812367,0.0317665187214371,7.935211,-0.032993,0.011109,15.826319,2.78222
366,366,long,0.8247869054030218,0,0.011885714285714277,0.010930397540660546,0.03279119262198164,7.913159,-0.045118,0.011078,15.770122,2.299148
367,367,long,0.8713604616655239,0,0.012278571428571408,0.01130509011846996,0.03391527035540988,7.885061,-0.064468,0.011039,15.694615,2.485442
368,368,long,0.854381532150951,0,0.012092857142857127,0.011156801497238791,0.03347040449171637,7.847307,-0.064797,0.010986,15.618832,2.417526
369,369,long,0.9025628805702424,0,0.012807142857142842,0.011891607960280822,0.03567482388084246,7.809416,-0.0306,0.010933,15.577299,2.610252
370,370,long,0.9079959397618321,0,0.01356428571428568,0.012557314652316427,0.03767194395694928,7.788649,-0.055448,0.010904,15.510946,2.631984
371,371,long,0.8737200347062088,0,0.013935714285714242,0.01288911791131543,0.03866735373394629,7.755473,-0.074026,0.010858,15.426063,2.49488
372,372,long,0.8521917341374837,0,0.01469285714285711,0.01363948009511164,0.04091844028533492,7.713031,-0.028497,0.010798,15.386768,2.408767
373,373,long,0.8756072943293377,0,0.014871428571428551,0.013834530509724685,0.04150359152917406,7.693384,-0.045733,0.010771,15.330264,2.502429
374,374,long,0.6531202044902311,0,0.015157142857142838,0.014128977187228239,0.042386931561684715,7.665132,0.022865,0.010731,15.342397,1.612481
388,388,long,0.9011260787170917,0,0.01653571428571429,0.015266883590507232,0.04580065077152169,7.671199,0.108009,0.01074,15.439667,2.604504
389,389,long,0.6750623646058654,0,0.01599285714285716,0.014616962465938379,0.04385088739781513,7.719833,0.009949,0.010808,15.438808,1.700249
390,390,long,0.8366085514116971,0,0.015471428571428596,0.014141944380242043,0.04242583314072613,7.719404,-0.034645,0.010807,15.393355,2.346434
391,391,long,0.9102023550634207,0,0.01630000000000003,0.014924963145413118,0.044774889436239355,7.696678,-0.010994,0.010775,15.371586,2.640809
392,392,long,0.8915853800318596,0,0.016242857142857177,0.014879316572182385,0.04463794971654715,7.685793,0.030556,0.01076,15.391382,2.566342
393,393,long,0.6306760956612152,0,0.015992857142857173,0.01456066967374738,0.04368200902124214,7.695691,-0.049816,0.010774,15.330791,1.522704
394,394,long,0.8417783431988994,0,0.014914285714285738,0.013613638675252148,0.040840916025756444,7.665396,-0.065001,0.010732,15.255059,2.367113
395,395,long,0.8302357726437357,0,0.015628571428571436,0.01434998753885909,0.04304996261657727,7.627529,0.011486,0.010679,15.255866,2.320943
396,396,long,0.799896608642869,0,0.015892857142857153,0.014572982149570549,0.043718946448711646,7.627933,0.003008,0.010679,15.248194,2.199586
397,397,long,0.6580179473448272,0,0.01667857142857145,0.01521795236096594,0.04565385708289782,7.624097,-0.056138,0.010674,15.181382,1.632072
399,399,long,0.7270337364341963,0,0.016314285714285726,0.015018905145487435,0.04505671543646231,7.590691,0.017819,0.010627,15.188575,1.908135
403,403,long,0.6522265604265539,1,0.016964285714285685,0.015628804380013527,0.04688641314004058,7.594287,0.191493,0.010632,15.369435,1.608906
404,404,long,0.784699592510153,1,0.0165285714285714,0.015180539519261021,0.04554161855778306,7.684718,0.236795,0.010759,15.595472,2.138798
405,405,long,0.684910727254661,1,0.016107142857142827,0.014690936571637017,0.04407280971491105,7.797736,0.186622,0.010917,15.771177,1.739643
406,406,long,0.6248270910227242,1,0.016885714285714264,0.015351347139155657,0.04605404141746697,7.885588,0.169118,0.01104,15.929255,1.499308
407,407,long,0.7506656754046226,1,0.016328571428571408,0.014837276743120378,0.04451183022936113,7.964627,0.160883,0.01115,16.078988,2.002663
408,408,long,0.7451668646422297,1,0.01613571428571427,0.014499842099993054,0.04349952629997916,8.039494,0.051727,0.011255,16.119459,1.980667
409,409,long,0.7150097273621276,1,0.01557142857142857,0.01387395070292562,0.04162185210877686,8.05973,-0.064343,0.011284,16.043833,1.860039
413,413,long,0.6647888577754516,1,0.014885714285714296,0.01329105366677467,0.03987316100032401,8.021916,-0.08108,0.011231,15.951522,1.659155
414,414,long,0.7564440516500333,1,0.014857142857142886,0.013344059904564335,0.04003217971369301,7.975761,-0.797576,0.011166,15.14278,2.025776
415,415,long,0.8370468157306301,1,0.01367857142857146,0.01229589772895093,0.03688769318685279,7.57139,-0.07473,0.0106,15.05745,2.348187
418,418,long,0.6364919266650774,1,0.014171428571428597,0.012782483873711144,0.038347451621133434,7.528725,-0.752872,0.01054,14.294037,1.545968
421,421,long,0.6652461961755496,0,0.013328571428571452,0.012120409054062501,0.0363612271621875,7.147018,0.003964,0.010006,14.287995,1.660985
422,422,long,0.6191384991931339,0,0.01332142857142858,0.01209049525002367,0.03627148575007101,7.143998,-0.041886,0.010002,14.236108,1.476554
423,423,long,0.7298162288725664,0,0.012678571428571428,0.011591200874531617,0.03477360262359485,7.118054,0.024599,0.009965,14.250741,1.919265
424,424,long,0.6713712150996851,0,0.012492857142857148,0.011410773492557884,0.034232320477673654,7.125371,0.020696,0.009976,14.261462,1.685485
426,426,long,0.6941939616292859,0,0.013114285714285714,0.011918935657222835,0.035756806971668505,7.130731,-0.063706,0.009983,14.187773,1.776776
427,427,long,0.8064995117807514,0,0.012414285714285711,0.011333624607920492,0.03400087382376148,7.093886,-0.0329,0.009931,14.144942,2.225998
428,428,long,0.8234287754904387,0,0.012199999999999989,0.011115261618637184,0.03334578485591155,7.072471,-0.061472,0.009901,14.073568,2.293715
429,429,long,0.7302637445667965,0,0.013128571428571425,0.011956695684530583,0.03587008705359175,7.036784,-0.072354,0.009851,13.991362,1.921055
430,430,long,0.8357750794003865,0,0.012664285714285715,0.011572321461206288,0.03471696438361886,6.995681,-0.046346,0.009794,13.935223,2.3431
431,431,long,0.8722137008476093,0,0.013178571428571437,0.012085332271308839,0.036255996813926515,6.967611,-0.006581,0.009755,13.918887,2.488855
432,432,long,0.8430098344232401,0,0.013600000000000025,0.012473974336632233,0.0374219230098967,6.959444,-0.03715,0.009743,13.871993,2.372039
433,433,long,0.8767110697870296,0,0.013964285714285731,0.01283423162013302,0.03850269486039906,6.935997,-0.011857,0.00971,13.850426,2.506844
434,434,long,0.8387550206162524,0,0.015207142857142864,0.013993616439508673,0.04198084931852602,6.925213,-0.034794,0.009695,13.805936,2.35502
435,435,long,0.8785493156778057,0,0.015142857142857156,0.013929461731432105,0.04178838519429631,6.902968,-0.049592,0.009664,13.74668,2.514197
481,481,long,0.8069997801140084,0,0.015042857142857182,0.014101709078929431,0.042305127236788295,6.87334,-0.033956,0.009623,13.703101,2.227999
482,482,long,0.9057766689403756,0,0.015628571428571467,0.01475785781734794,0.04427357345204382,6.851551,-0.010093,0.009592,13.683416,2.623107
483,483,long,0.8304532296922961,0,0.014842857142857158,0.014045893164692505,0.04213767949407751,6.841708,-0.000259,0.009578,13.673579,2.321813
484,484,long,0.8160253110985426,0,0.015321428571428581,0.014508516397667284,0.04352554919300185,6.836789,0.039362,0.009572,13.703369,2.264101
485,485,long,0.8636279746439909,0,0.015335714285714277,0.014521769126191257,0.043565307378573774,6.851685,0.109972,0.009592,13.803749,2.454512
486,486,long,0.9207258195305871,0,0.01599285714285711,0.015066706683050027,0.04520012004915008,6.901875,0.066712,0.009663,13.860799,2.682903
487,487,long,0.9359290551395267,0,0.01647142857142855,0.015576702764628301,0.0467301082938849,6.930399,0.082186,0.009703,13.933283,2.743716
488,488,long,0.8891477313412632,0,0.01634999999999996,0.015472698022144373,0.046418094066433116,6.966641,0.093618,0.009753,14.017148,2.556591
489,489,long,0.9472117456804102,0,0.01687142857142852,0.01588482226080963,0.04765446678242889,7.008574,0.030354,0.009812,14.03769,2.788847
490,490,long,0.9687105716718548,0,0.0165071428571428,0.015384103315137745,0.046152309945413236,7.018845,-0.029567,0.009826,13.998297,2.874842
491,491,long,0.9152370187447172,0,0.015078571428571354,0.014069375149124643,0.04220812544737393,6.999148,-0.012147,0.009799,13.976351,2.660948
492,492,long,0.9080672396619744,0,0.014535714285714207,0.013585033632137243,0.04075510089641173,6.988175,0.116842,0.009783,14.083409,2.632269
493,493,long,0.9148539522741914,0,0.014457142857142788,0.013499993330042757,0.04049997999012827,7.041705,0.09061,0.009858,14.164161,2.659416
494,494,long,0.9100680678743283,0,0.01454999999999992,0.013640070872120744,0.040920212616362237,7.082081,0.122559,0.009915,14.276806,2.640272
495,495,long,0.8275379804523875,0,0.014364285714285654,0.013443663628973545,0.04033099088692063,7.138403,0.152992,0.009994,14.419804,2.310152
496,496,long,0.7998275518851162,0,0.015549999999999937,0.014534476151308044,0.043603428453924134,7.209902,0.162209,0.010094,14.571919,2.19931
502,502,long,0.7120433396220762,1,0.019399999999999973,0.01778022179451927,0.053340665383557806,7.28596,0.054556,0.0102,14.616275,1.848173
503,503,long,0.7430631605391564,1,0.020885714285714254,0.019181795400305148,0.05754538620091544,7.308138,0.054299,0.010231,14.660343,1.972253
504,504,long,0.6454774254738395,1,0.021371428571428534,0.01960052145772324,0.05880156437316972,7.330172,-0.011698,0.010262,14.638383,1.58191
508,508,long,0.6077884168554943,1,0.026928571428571395,0.024549257401242933,0.0736477722037288,7.319192,-0.136719,0.010247,14.491417,1.431154
510,510,long,0.6101380039656462,1,0.025992857142857102,0.023886541879888534,0.0716596256396656,7.245708,-0.080569,0.010144,14.400704,1.440552
511,511,long,0.7443244928677937,1,0.026385714285714235,0.02435027481401105,0.07305082444203315,7.200352,-0.047777,0.01008,14.342847,1.977298
512,512,long,0.6897364506011274,1,0.024585714285714228,0.022771930056698215,0.06831579017009465,7.171424,-0.001461,0.01004,14.331346,1.758946
513,513,long,0.7717674561894624,1,0.025678571428571377,0.023855310079216836,0.07156593023765051,7.165673,0.073159,0.010032,14.394473,2.08707
514,514,long,0.7698210638728956,0,0.02705714285714281,0.02506776502477654,0.07520329507432963,7.197237,0.132361,0.010076,14.516758,2.079284
515,515,long,0.9028801275705318,0,0.02733571428571426,0.025403050224624805,0.07620915067387442,7.258379,0.088632,0.010162,14.595228,2.611521
516,516,long,0.7574099503375327,0,0.027414285714285693,0.025468492859797187,0.07640547857939156,7.297614,0.108135,0.010217,14.693147,2.02964
517,517,long,0.8894421413099233,0,0.02602142857142856,0.024106638291902727,0.07231991487570819,7.346573,0.126727,0.010285,14.809589,2.557769
518,518,long,0.7003931044804005,0,0.026935714285714285,0.02477029508903118,0.07431088526709353,7.404794,0.045692,0.010367,14.844914,1.801572
519,519,long,0.7244344026112025,0,0.02673571428571429,0.024322662899458964,0.0729679886983769,7.422457,0.012695,0.010391,14.847217,1.897738
520,520,long,0.6607054871181348,0,0.026357142857142857,0.02419818113617346,0.07259454340852038,7.423609,0.080968,0.010393,14.917793,1.642822
522,522,long,0.6027138911555308,1,0.025085714285714284,0.02284569398999525,0.06853708196998574,7.458896,0.041572,0.010442,14.948923,1.410856
523,523,long,0.6855772248309968,1,0.025707142857142866,0.02349551045775444,0.07048653137326331,7.474461,0.11142,0.010464,15.049879,1.742309
524,524,long,0.6279635595033759,1,0.025978571428571438,0.023593504099184846,0.07078051229755454,7.524939,0.033077,0.010535,15.072421,1.511854
525,525,long,0.7486343036874874,1,0.026214285714285728,0.023807361469699147,0.07142208440909745,7.53621,0.018069,0.010551,15.079939,1.994537
526,526,long,0.7094168510287383,1,0.02670000000000001,0.024255087209302334,0.072765261627907,7.539969,0.024658,0.010556,15.094041,1.837667
527,527,long,0.6715230401469259,1,0.02525714285714285,0.02287432447643284,0.06862297342929852,7.547021,-0.068419,0.010566,15.015057,1.686092
528,528,long,0.6504101711188275,1,0.024007142857142845,0.021619486741420377,0.06485846022426113,7.507528,-0.123656,0.010511,14.88089,1.601641
529,529,long,0.6028250685911747,1,0.024757142857142842,0.022385813620340204,0.06715744086102061,7.440445,-0.0771,0.010417,14.793373,1.4113
530,530,long,0.6193625609593322,1,0.025199999999999983,0.022831463931723035,0.06849439179516911,7.396687,-0.065808,0.010355,14.71721,1.47745
531,531,long,0.7628425509290323,1,0.025735714285714275,0.0233028923267967,0.0699086769803901,7.358605,-0.062965,0.010302,14.643942,2.05137
532,532,long,0.6143771295199671,1,0.02674285714285713,0.024441450192711423,0.07332435057813427,7.321971,-0.007093,0.010251,14.626598,1.457509
540,540,long,0.6586972244515062,0,0.03437857142857143,0.03140083065733624,0.09420249197200872,7.313299,-0.034936,0.010239,14.581424,1.634789
541,541,long,0.6514670836001055,0,0.0354357142857143,0.03236640783109186,0.09709922349327559,7.290712,-0.043884,0.010207,14.527333,1.605868
542,542,long,0.7402766507374547,0,0.035121428571428574,0.03229526953446734,0.09688580860340201,7.263666,-0.014026,0.010169,14.503137,1.961107
543,543,long,0.8165856550637455,0,0.03452857142857143,0.031727945664744434,0.0951838369942333,7.251569,0.001066,0.010152,14.494051,2.266343
544,544,long,0.8019934297157992,0,0.03420000000000001,0.03144480609036245,0.09433441827108735,7.247026,-0.020523,0.010146,14.463383,2.207974
545,545,long,0.722236524695974,0,0.03340000000000002,0.03065345080763585,0.09196035242290755,7.231691,-0.029734,0.010124,14.423525,1.888946
546,546,long,0.7861662488637741,0,0.0333214285714286,0.03061955871078861,0.09185867613236583,7.211762,-0.03287,0.010096,14.380558,2.144665
547,547,long,0.8640524326141166,0,0.03263571428571431,0.030067637377317612,0.09020291213195283,7.190279,-0.006227,0.010066,14.364265,2.45621
548,548,long,0.754280672571176,0,0.029735714285714327,0.027319822391623096,0.0819594671748693,7.182132,-0.043749,0.010055,14.310461,2.017123
549,549,long,0.89614672579547,0,0.02733571428571432,0.025204892660219372,0.07561467798065812,7.15523,0.017087,0.010017,14.317531,2.584587
550,550,long,0.9079547010818988,0,0.02595000000000003,0.023914405780005924,0.07174321734001778,7.158766,-0.04374,0.010022,14.263769,2.631819
570,570,long,0.8713311977995783,0,0.027450000000000006,0.025372499722704927,0.07611749916811478,7.131885,0.011866,0.009985,14.265651,2.485325
571,571,long,0.9229898318161511,0,0.02905714285714286,0.02677855556418625,0.08033566669255875,7.132825,0.003024,0.009986,14.258688,2.691959
572,572,long,0.9247807533596978,0,0.03156428571428571,0.029108409227741185,0.08732522768322355,7.129344,0.007232,0.009981,14.255939,2.699123
573,573,long,0.9527633731898284,0,0.0317,0.029249748562886962,0.08774924568866088,7.12797,0.040054,0.009979,14.286014,2.811053
574,574,long,0.9432631126172636,0,0.031414285714285714,0.029073034264930835,0.0872191027947925,7.143007,0.094334,0.01,14.370348,2.773052
575,575,long,0.9605743164118932,0,0.030021428571428563,0.02770322288076606,0.08310966864229818,7.185174,0.067165,0.010059,14.427454,2.842297
576,576,long,0.9708746532919986,0,0.02925714285714284,0.026951446600472422,0.08085433980141726,7.213727,0.046649,0.010099,14.464004,2.883499
577,577,long,0.9556156399244364,0,0.02814285714285712,0.025926886180969645,0.07778065854290894,7.232002,0.047171,0.010125,14.501051,2.822463
578,578,long,0.9307287788600282,0,0.029842857142857122,0.027382285011705285,0.08214685503511586,7.250525,0.032798,0.010151,14.523698,2.722915
579,579,long,0.6554704461347408,0,0.030821428571428555,0.028152565373975664,0.084457696121927,7.261849,-0.041987,0.010167,14.471544,1.621882
580,580,long,0.6197978905343698,0,0.030035714285714277,0.02745971812811574,0.08237915438434723,7.235772,-0.03387,0.01013,14.427544,1.479192
581,581,long,0.6526238381015537,0,0.02962142857142856,0.02711169862931305,0.08133509588793915,7.213772,-0.03539,0.010099,14.382055,1.610495
582,582,long,0.6180544417109987,0,0.028414285714285708,0.02600730924377439,0.07802192773132316,7.191028,-0.039886,0.010067,14.332101,1.472218
583,583,long,0.743028272025991,0,0.027678571428571424,0.025282082799962937,0.07584624839988881,7.166051,-0.017542,0.010032,14.304527,1.972113
584,584,long,0.6369474219798471,0,0.026971428571428566,0.024779211711327426,0.07433763513398228,7.152263,-0.015902,0.010013,14.278612,1.54779
585,585,long,0.6685911034641969,1,0.025392857142857137,0.02332423108768992,0.06997269326306976,7.139306,-0.053708,0.009995,14.214909,1.674364
586,586,long,0.8820910046959038,1,0.023821428571428566,0.021910604732690617,0.06573181419807185,7.107455,-0.023665,0.00995,14.181294,2.528364
587,587,long,0.8781179595283816,1,0.024621428571428572,0.02266144057600951,0.06798432172802853,7.090647,-0.021732,0.009927,14.149635,2.512472
588,588,long,0.8053648782604433,1,0.025342857142857143,0.023205407095308297,0.06961622128592489,7.074817,-0.061736,0.009905,14.077993,2.22146
589,589,long,0.8950456770005041,1,0.026271428571428564,0.024189888652850756,0.07256966595855227,7.038997,-0.046341,0.009855,14.021798,2.580183
590,590,long,0.9216436328135873,1,0.027550000000000012,0.025497454881999084,0.07649236464599725,7.010899,-0.009733,0.009815,14.002249,2.686575
591,591,long,0.864565985142736,0,0.028164285714285735,0.025991644177489396,0.07797493253246819,7.001125,-0.060152,0.009802,13.932296,2.458264
592,592,long,0.8941072175805307,0,0.026685714285714313,0.024636908938397203,0.0739107268151916,6.966148,-0.03743,0.009753,13.885113,2.576429
593,593,long,0.8738522909129206,0,0.026771428571428606,0.02472928427592289,0.07418785282776867,6.942556,0.004874,0.00972,13.880267,2.495409
594,594,long,0.942754383603725,0,0.026421428571428596,0.0244892284469632,0.0734676853408896,6.940133,0.031648,0.009716,13.902199,2.771018
595,595,long,0.9669424511215378,0,0.027521428571428603,0.02550642128955385,0.07651926386866155,6.9511,0.029634,0.009732,13.922102,2.86777
596,596,long,0.9115511701497907,0,0.0272214285714286,0.02533923052782199,0.07601769158346597,6.961051,0.075295,0.009745,13.987651,2.646205
597,597,long,0.8518523395698866,0,0.026171428571428606,0.02429263609578091,0.07287790828734272,6.993825,0.054596,0.009791,14.032455,2.407409
598,598,long,0.6185199714250118,0,0.02616428571428575,0.024151499727034682,0.07245449918110405,7.016227,-0.058612,0.009823,13.96402,1.47408
599,599,long,0.781421645002981,0,0.02540714285714288,0.023442216287891792,0.07032664886367537,6.98201,-0.071829,0.009775,13.882417,2.125687
600,600,long,0.804534845021611,0,0.025121428571428597,0.023183304329483758,0.06954991298845127,6.941208,-0.126512,0.009718,13.746186,2.218139
601,601,long,0.755651868360842,0,0.02447857142857146,0.022542196729506823,0.06762659018852046,6.873093,-0.149121,0.009622,13.587444,2.022607
602,602,long,0.9204826169319252,0,0.024450000000000034,0.022518996085655107,0.06755698825696532,6.793722,-0.151987,0.009511,13.425946,2.68193
603,603,long,0.9311536745431441,1,0.02382142857142863,0.022174113667099787,0.06652234100129936,6.712973,-0.044991,0.009398,13.371556,2.724615
604,604,long,0.7001857959381236,0,0.02391428571428576,0.0222941684901095,0.06688250547032851,6.685778,-0.051857,0.00936,13.310339,1.800743
620,620,short,0.36976481658378124,-1,0.021671428571428546,0.020139048380180605,0.06041714514054182,6.65517,-0.005257,0.009317,13.295765,1.520941
622,622,long,0.7646214937003849,0,0.020314285714285698,0.018886644273641163,0.05665993282092349,6.647883,0.037331,0.009307,13.323789,2.058486
623,623,long,0.8103758685588327,0,0.019364285714285705,0.018017646792978494,0.05405294037893548,6.661895,0.084177,0.009327,13.39864,2.241503
624,624,long,0.9111904169118321,0,0.01932142857142857,0.01792223934570906,0.05376671803712718,6.69932,0.052758,0.009379,13.442019,2.644762
625,625,long,0.8065212008280568,0,0.01920714285714285,0.01783492381854407,0.053504771455632205,6.72101,0.06116,0.009409,13.49377,2.226085
626,626,long,0.8446957408468585,0,0.019649999999999994,0.018214176468952473,0.05464252940685742,6.746885,0.04434,0.009446,13.528664,2.378783
627,627,long,0.9032610240797951,0,0.020057142857142853,0.018543441710328717,0.05563032513098615,6.764332,0.024202,0.00947,13.543397,2.613044
628,628,long,0.7150576810317905,0,0.01952857142857142,0.01794377704036627,0.05383133112109881,6.771698,-0.037271,0.00948,13.496646,1.860231
629,629,long,0.6767643765113532,0,0.02035714285714285,0.018735406104718424,0.056206218314155273,6.748323,-0.031923,0.009448,13.455275,1.707058
630,630,long,0.6388206355765381,0,0.020464285714285695,0.018830893971221906,0.056492681913665715,6.727637,-0.013867,0.009419,13.431989,1.555283
631,631,long,0.7008269407128037,0,0.01966428571428569,0.018108411037908584,0.05432523311372575,6.715995,-0.001979,0.009402,13.420608,1.803308
632,632,long,0.733158621981908,0,0.018349999999999995,0.01690465223399355,0.050713956701980645,6.710304,0.001175,0.009394,13.412388,1.932634
633,633,long,0.7656544808170374,0,0.018521428571428546,0.017112552152697,0.051337656458091005,6.706194,-0.01264,0.009389,13.390359,2.062618
634,634,long,0.7233315077260892,1,0.01774285714285711,0.016406999262873916,0.04922099778862175,6.69518,0.011887,0.009373,13.392873,1.893326
635,635,long,0.7845423841845727,1,0.02076428571428568,0.019146413752222848,0.05743924125666854,6.696436,0.0,0.009375,13.383498,2.13817
636,636,long,0.7589970643170467,1,0.022014285714285684,0.0202784503631961,0.060835351089588305,6.691749,0.028848,0.009368,13.402977,2.035988
637,637,long,0.6665990413976406,1,0.0225785714285714,0.020796517816845876,0.06238955345053763,6.701489,0.013394,0.009382,13.40699,1.666396
638,638,long,0.7685069365841362,1,0.02323571428571425,0.021508774760216468,0.0645263242806494,6.703495,0.041761,0.009385,13.439366,2.074028
639,639,long,0.7527122042276234,1,0.023521428571428533,0.021711954300061415,0.06513586290018425,6.719683,0.034549,0.009408,13.464508,2.010849
640,640,long,0.8862530548501494,1,0.02386428571428567,0.02200487387209375,0.06601462161628124,6.732254,-0.027935,0.009425,13.427148,2.545012
642,642,long,0.7225081883844644,1,0.02450714285714282,0.02252784628274118,0.06758353884822353,6.713574,-0.084548,0.009399,13.333202,1.890033
643,643,long,0.6829344194135964,1,0.024078571428571394,0.022150992096347254,0.06645297628904176,6.666601,-0.036368,0.009333,13.2875,1.731738
644,644,long,0.696931375803448,1,0.023514285714285692,0.021594333520939004,0.06478300056281701,6.64375,-0.091702,0.009301,13.186497,1.787726
645,645,long,0.7243357793211342,1,0.022842857142857134,0.021150793650793642,0.06345238095238093,6.593248,-0.059522,0.009231,13.117744,1.897343
646,646,long,0.7747477659533558,1,0.024214285714285695,0.022493948530660758,0.06748184559198228,6.558872,-0.020411,0.009182,13.08815,2.098991
647,647,long,0.8555667239342388,0,0.023457142857142843,0.021837661854046737,0.06551298556214022,6.544075,-0.000975,0.009162,13.078014,2.422267
648,648,long,0.8909481696129737,0,0.02433571428571427,0.022510350003898165,0.06753105001169449,6.539007,-0.040465,0.009155,13.028394,2.563793
649,649,long,0.9583853018061985,0,0.021692857142857132,0.020200448041547598,0.0606013441246428,6.514197,-0.02111,0.00912,12.998165,2.833541
650,650,long,0.8191673453836733,0,0.02054999999999999,0.019201121233356683,0.05760336370007005,6.499082,-0.006983,0.009099,12.982082,2.276669
651,651,long,0.7649762422548042,0,0.020549999999999975,0.0191495904503648,0.0574487713510944,6.491041,0.001149,0.009087,12.974144,2.059905
652,652,long,0.8176197773231132,0,0.019507142857142834,0.018163075285980292,0.05448922585794087,6.487072,-0.016731,0.009082,12.948331,2.270479
653,653,long,0.7950270076757997,0,0.019649999999999977,0.018289277736410998,0.054867833209233,6.474166,-0.038626,0.009064,12.900642,2.180108
654,654,long,0.8095659220113155,0,0.01909999999999999,0.017843796711509704,0.05353139013452911,6.450321,0.000482,0.00903,12.892093,2.238264
655,655,long,0.7978662461197292,0,0.019128571428571415,0.017892219089487807,0.05367665726846342,6.446047,0.012179,0.009024,12.895248,2.191465
656,656,long,0.614896204893344,0,0.017749999999999995,0.01653747251518652,0.04961241754555956,6.447624,0.003124,0.009027,12.889345,1.459585
657,657,long,0.7781744542832704,0,0.017728571428571427,0.01654973388401317,0.04964920165203951,6.444673,0.019432,0.009023,12.899755,2.112698
658,658,long,0.8731438678238109,0,0.017864285714285714,0.01672701590303815,0.05018104770911445,6.449878,0.063775,0.00903,12.9545,2.492575
659,659,long,0.8270262824328349,0,0.017714285714285714,0.016547983815004216,0.04964395144501264,6.47725,0.064259,0.009068,13.009691,2.308105
665,665,long,0.9100685769356203,0,0.017728571428571458,0.01635929817160788,0.04907789451482364,6.504846,0.041057,0.009107,13.041641,2.640274
666,666,long,0.8756168415579629,0,0.018378571428571466,0.016979306758595603,0.05093792027578681,6.520821,0.042472,0.009129,13.074984,2.502467
667,667,long,0.9105335480519187,0,0.01726428571428575,0.01596475468308281,0.04789426404924843,6.537492,0.0506,0.009152,13.116431,2.642134
668,668,long,0.9277767671146504,0,0.017692857142857177,0.016338554371041546,0.049015663113124636,6.558216,0.065952,0.009182,13.173202,2.711107
669,669,long,0.7951470145754495,0,0.017721428571428603,0.01630921375259169,0.04892764125777507,6.586601,0.019155,0.009221,13.183136,2.180588
672,672,long,0.6139022966570248,0,0.01877142857142858,0.017225128762425632,0.0516753862872769,6.591568,-0.026977,0.009228,13.146931,1.455609
675,675,long,0.6048873305482677,0,0.01862857142857144,0.01711838730088717,0.05135516190266151,6.573465,-0.01643,0.009203,13.121297,1.419549
676,676,long,0.6182459435092781,0,0.01827857142857143,0.016784730421094057,0.050354191263282166,6.560649,-0.040786,0.009185,13.071327,1.472984
677,677,long,0.6993660487869654,1,0.017800000000000007,0.01640084399848892,0.04920253199546676,6.535663,-0.024088,0.00915,13.038089,1.797464
679,679,long,0.6187989934246135,1,0.016778571428571438,0.015471393400189434,0.0464141802005683,6.519045,-0.0324,0.009127,12.996562,1.475196
680,680,long,0.6237716940690428,1,0.01715,0.01579917088899125,0.04739751266697375,6.498281,0.032806,0.009098,13.020271,1.495087
681,681,long,0.7693331316017644,1,0.017764285714285726,0.016414519754844835,0.049243559264534505,6.510135,0.078261,0.009114,13.089418,2.077333
682,682,long,0.8021738013015511,0,0.017314285714285726,0.016012323676175867,0.0480369710285276,6.544709,0.070149,0.009163,13.150404,2.208695
683,683,long,0.9115293201139738,0,0.016835714285714305,0.015550037209253244,0.046650111627759734,6.575202,0.05818,0.009205,13.199379,2.646117
684,684,long,0.9213754815657385,0,0.01709285714285718,0.015839919509644317,0.04751975852893295,6.59969,0.076694,0.00924,13.266833,2.685502
685,685,long,0.7842725952241413,0,0.016814285714285733,0.015412093452020874,0.04623628035606262,6.633417,0.00304,0.009287,13.260587,2.13709
686,686,long,0.7806107237429241,0,0.015964285714285747,0.014576061606849409,0.04372818482054823,6.630293,-0.012531,0.009282,13.238773,2.122443
687,687,long,0.8302714014584146,0,0.016900000000000026,0.015463445877939451,0.046390337633818356,6.619387,0.037794,0.009267,13.2673,2.321086
688,688,long,0.7796906258054431,1,0.016935714285714325,0.015505204150764767,0.0465156124522943,6.63365,0.062373,0.009287,13.320386,2.118763
689,689,long,0.7930998682190046,1,0.017471428571428613,0.016004753005962234,0.0480142590178867,6.660193,0.033739,0.009324,13.344801,2.172399
690,690,long,0.7393973814840383,1,0.018128571428571463,0.01660916501316695,0.049827495039500846,6.6724,0.067551,0.009341,13.40301,1.95759
691,691,long,0.7909267741320333,1,0.018000000000000033,0.016465874475150282,0.04939762342545084,6.701505,0.092752,0.009382,13.48638,2.163707
695,695,long,0.6696675512599943,1,0.020057142857142884,0.018191924806710825,0.05457577442013248,6.74319,0.101527,0.00944,13.578467,1.67867
696,696,long,0.6498431787203133,1,0.02065000000000001,0.018632139312460532,0.05589641793738159,6.789233,0.047414,0.009505,13.616375,1.599373
699,699,long,0.7326299416006169,1,0.02225000000000001,0.020025560715700046,0.06007668214710014,6.808188,-0.020098,0.009531,13.586746,1.93052
701,701,long,0.7686252682727809,1,0.021349999999999997,0.019130138704705923,0.05739041611411777,6.793373,-0.054905,0.009511,13.52233,2.074501
703,703,long,0.6976858693921456,1,0.020542857142857116,0.01847578618453171,0.05542735855359513,6.761165,-0.022377,0.009466,13.490487,1.790743
704,704,long,0.6785416332628771,1,0.020885714285714268,0.018853325767931278,0.056559977303793835,6.745243,0.018267,0.009443,13.49931,1.714167
706,706,long,0.6031084703019192,1,0.019957142857142833,0.01802780695664291,0.05408342086992873,6.749655,-0.021035,0.00945,13.468825,1.412434
713,713,long,0.6466709573852761,0,0.016328571428571408,0.014826902720989582,0.04448070816296874,6.734413,0.062863,0.009428,13.52226,1.586684
717,717,short,0.3645634831784489,0,0.016657142857142846,0.01498928510365874,0.04496785531097622,6.76113,-0.039912,0.009466,13.472882,1.541746
718,718,short,0.261469095630067,0,0.015399999999999985,0.013854402821260195,0.04156320846378059,6.736441,-0.010545,0.009431,13.452906,1.954124
730,730,long,0.7732789602765685,0,0.01339285714285716,0.012204282108327176,0.036612846324981525,6.726453,-0.02366,0.009417,13.41983,2.093116
731,731,long,0.7852646668722323,0,0.01291428571428572,0.011768825890375477,0.03530647767112643,6.709915,-0.041214,0.009394,13.369222,2.141059
732,732,long,0.8330628446765665,0,0.013728571428571423,0.012505758374693858,0.037517275124081574,6.684611,-0.052306,0.009358,13.307557,2.332251
733,733,long,0.8222124077184556,0,0.014699999999999982,0.013436560240578394,0.040309680721735186,6.653779,-0.047135,0.009315,13.251107,2.28885
734,734,long,0.8567562865827569,0,0.01394285714285713,0.01275078614606181,0.03825235843818543,6.625554,-0.062469,0.009276,13.179362,2.427025
735,735,long,0.7765844085509287,0,0.013821428571428556,0.012639276994164363,0.037917830982493086,6.589681,-0.042363,0.009226,13.127774,2.106338
736,736,long,0.6342264745047954,0,0.013914285714285688,0.012758493764187907,0.03827548129256372,6.563887,-0.05489,0.009189,13.063694,1.536906
737,737,long,0.7060286510782203,0,0.014649999999999972,0.013450362195760126,0.04035108658728038,6.531847,-0.056192,0.009145,12.998358,1.824115
753,753,long,0.8389369415665696,0,0.013214285714285734,0.012318829964188848,0.036956489892566544,6.499179,-0.649918,0.009099,12.339341,2.355748
754,754,long,0.8073336737161412,0,0.013521428571428589,0.012515437689913355,0.037546313069740066,6.169671,-0.616967,0.008638,11.713736,2.229335
777,777,long,0.931915166056644,0,0.012642857142857114,0.012010161818270616,0.03603048545481185,5.856868,-0.020308,0.0082,11.685229,2.727661
778,778,long,0.9341471982840103,0,0.012442857142857104,0.011857906609795873,0.03557371982938762,5.842615,-0.584261,0.00818,11.092788,2.736589
779,779,long,0.9552006763545063,0,0.012607142857142817,0.012042356344581924,0.036127069033745775,5.546394,-0.057482,0.007765,11.027541,2.820803
809,809,long,0.9436717583852464,0,0.01485000000000003,0.014258555133079878,0.04277566539923963,5.51377,-0.014453,0.007719,11.005368,2.774687
810,810,long,0.9624721743339216,0,0.014557142857142888,0.013874648878794964,0.04162394663638489,5.502684,-0.069073,0.007704,10.928592,2.849889
811,811,long,0.9721449201427603,0,0.014321428571428596,0.013650376083179492,0.040951128249538477,5.464296,-0.54643,0.00765,10.374512,2.88858
812,812,long,0.9896244372413143,0,0.014135714285714316,0.013553197842445987,0.04065959352733796,5.187256,-0.025614,0.007262,10.341637,2.958498
813,813,long,0.9833633235819247,0,0.014007142857142869,0.013441652534995603,0.04032495760498681,5.170818,-0.009229,0.007239,10.325168,2.933453
