idx,signal,prob,ev,atr_pct,stop_pct,tp_pct,position_value,profit,cost,capital_after,fwd,regime
5,short,0.23042027775370258,2.8478986112314875,0.0062876530260631905,0.0062876530260631905,0.025150612104252762,50.0,-0.21116619,0.07,99.71883381,0.0042233237027416,-1.0
6,short,0.18131513418531786,3.093424329073411,0.006031732018312755,0.006031732018312755,0.02412692807325102,49.859416907431466,0.13425551,0.06980318,99.78328615,-0.0026926812042023,0.0
7,short,0.21286400277200926,2.935679986139954,0.005747888756245301,0.005747888756245301,0.022991555024981205,49.89164307297583,0.0992671,0.0698483,99.81270494,-0.0019896538002386,0.0
8,short,0.1867574553199958,3.066212723400021,0.0059058464165154655,0.0059058464165154655,0.023623385666061862,49.9063524714449,0.15087282,0.06986889,99.89370887,-0.0030231184833288,0.0
9,short,0.18058086337888254,3.097095683105587,0.00592872910753706,0.00592872910753706,0.02371491643014824,49.946854433010856,0.14333534,0.0699256,99.96711861,-0.0028697571743929,0.0
10,short,0.16513019867866635,3.174349006606668,0.006059478666135403,0.006059478666135403,0.024237914664541612,49.983559306831495,0.02902467,0.06997698,99.9261663,-0.0005806843276818,0.0
15,short,0.1674076686301125,3.1629616568494376,0.005627233066423824,0.005627233066423824,0.022508932265695294,49.963083150082326,-0.2190418,0.06994832,99.63717618,0.0043840729622423,0.0
17,short,0.21279838302914164,2.9360080848542918,0.005733893064528263,0.005733893064528263,0.022935572258113053,49.818588090903,0.18847433,0.06974602,99.75590449,-0.0037832130916769,0.0
18,short,0.22514588210950245,2.874270589452488,0.005981100222761624,0.005981100222761624,0.023924400891046495,49.87795224657655,0.42899015,0.06982913,100.11506551,-0.0086007971470527,0.0
19,short,0.11721300593748518,3.413934970312574,0.0060162453590478565,0.0060162453590478565,0.024064981436191426,50.057532754695536,0.62622718,0.07008055,100.67121214,-0.0125101486725972,0.0
20,short,0.08369807082016265,3.5815096458991866,0.006367724009781663,0.006367724009781663,0.025470896039126653,50.33560607023957,0.3035375,0.07046985,100.90427979,-0.0060302740794628,0.0
28,long,0.7056193801086689,2.5280969005433445,0.006213970535904964,0.006213970535904964,0.024855882143619855,50.45213989627011,0.27558193,0.070633,101.10922873,0.0054622446800939,0.0
31,short,0.21774400926655002,2.91127995366725,0.006595128303604842,0.006595128303604842,0.02638051321441937,50.5546143647166,-2.0,0.07077646,99.03845227,0.0184984065376466,0.0
33,short,0.27452225616806036,2.6273887191596983,0.006412784363094947,0.006412784363094947,0.025651137452379787,49.519226134661295,-2.0,0.06932692,96.96912535,0.0106881846012281,0.0
34,short,0.085289392993069,3.5735530350346547,0.006956793206793213,0.006956793206793213,0.027827172827172852,48.484562676367034,0.05509609,0.06787839,96.95634306,-0.0011363636363635,0.0
35,short,0.19596078385654694,3.020196080717265,0.007141609264250774,0.007141609264250774,0.028566437057003097,48.47817152946878,0.43320379,0.06786944,97.32167741,-0.0089360587002096,0.0
51,long,0.7309118484166955,2.6545592420834776,0.00832054506670063,0.00832054506670063,0.03328218026680252,48.66083870263124,-2.0,0.06812517,95.25355223,-0.0323244929797191,0.0
53,short,0.26674692492531465,2.6662653753734267,0.008814059324015626,0.008814059324015626,0.035256237296062504,47.6267761155394,0.18676159,0.06667749,95.37363634,-0.0039213570053785,0.0
55,short,0.08911963788521701,3.554401810573915,0.009499965345298135,0.009499965345298135,0.03799986138119254,47.68681816834065,0.06198706,0.06676155,95.36886185,-0.00129987825084,-1.0
56,short,0.273830068834508,2.63084965582746,0.009926392689016015,0.009926392689016015,0.03970557075606406,47.6844309245172,-0.38262111,0.0667582,94.91948253,0.0080240260159006,-1.0
57,short,0.29388480828122193,2.5305759585938903,0.010262126925582376,0.010262126925582376,0.041048507702329505,47.45974126572417,-0.2164129,0.06644364,94.63662599,0.0045599258667987,-1.0
58,short,0.25012894714051337,2.7493552642974333,0.011015156401160917,0.011015156401160917,0.04406062560464367,47.31831299592359,0.18841875,0.06624564,94.7587991,-0.0039819413092551,-1.0
60,short,0.07718489421722682,3.6140755289138657,0.012097793223193086,0.012097793223193086,0.048391172892772345,47.37939954942781,-2.0,0.06633116,92.69246794,0.0128415475852208,-1.0
61,short,0.0942302824089608,3.528848587955196,0.01215434629344334,0.01215434629344334,0.04861738517377336,46.34623396974321,-0.32190768,0.06488473,92.30567554,0.00694571376348,-1.0
62,short,0.06754197700514479,3.6622901149742764,0.012378821288310716,0.012378821288310716,0.04951528515324286,46.15283776837983,-0.33300522,0.06461397,91.90805634,0.0072152708009864,-1.0
63,short,0.06476024204460237,3.676198789776988,0.01158887436978979,0.01158887436978979,0.04635549747915916,45.95402817057554,0.10789775,0.06433564,91.95161846,-0.0023479498499667,-1.0
64,short,0.058747452477257295,3.7062627376137134,0.011664923165716757,0.011664923165716757,0.04665969266286703,45.97580922763037,0.3831041,0.06436613,92.27035642,-0.0083327321261093,-1.0
65,short,0.20789991291599433,2.9605004354200286,0.01154169360051713,0.01154169360051713,0.04616677440206852,46.135178212458506,0.28390879,0.06458925,92.48967596,-0.006153846153846,-1.0
66,short,0.1911853857609351,3.0440730711953243,0.0110319477219096,0.0110319477219096,0.0441277908876384,46.24483798220965,0.14228535,0.06474277,92.56721854,-0.0030767834452711,-1.0
67,short,0.23379255678474473,2.8310372160762762,0.011007694699207187,0.011007694699207187,0.04403077879682875,46.28360927158856,-0.24384092,0.06479705,92.25858057,0.0052684076895176,-1.0
72,short,0.173786652522067,3.1310667373896646,0.00898422348706938,0.00898422348706938,0.03593689394827752,46.12929028360591,0.74939656,0.06458101,92.94339612,-0.0162455687753133,-1.0
73,short,0.22637704360061425,2.868114781996929,0.008541082472246752,0.008541082472246752,0.03416432988898701,46.471698059336745,1.08671381,0.06506038,93.96504956,-0.0233844223357532,0.0
74,short,0.15128355783598288,3.2435822108200854,0.00849771500864939,0.00849771500864939,0.03399086003459756,46.982524777734774,0.79818495,0.06577553,94.69745897,-0.0169889752394721,0.0
75,short,0.1302101065414292,3.3489494672928544,0.008222012440352257,0.008222012440352257,0.03288804976140903,47.34872948545877,0.73721205,0.06628822,95.3683828,-0.0155698379650584,0.0
112,long,0.767917023437069,2.839585117185345,0.009932245354347478,0.009932245354347478,0.03972898141738991,47.68419139778893,-0.00311022,0.06675787,95.2985147,-6.522549385018123e-05,0.0
113,long,0.8507898032664163,3.2539490163320814,0.009635515956628473,0.009635515956628473,0.03854206382651389,47.64925735134409,-0.11869366,0.06670896,95.11311208,-0.0024909865617829,0.0
114,long,0.7650892603230427,2.8254463016152136,0.009274397550259628,0.009274397550259628,0.03709759020103851,47.55655604132759,0.07578911,0.06657918,95.12232201,0.0015936626281454,0.0
115,long,0.8007856528145637,3.0039282640728184,0.009085233467204657,0.009085233467204657,0.03634093386881863,47.56116100514184,-0.05628435,0.06658563,94.99945204,-0.0011834098977793,0.0
116,long,0.8827144570522757,3.4135722852613783,0.009057649226527407,0.009057649226527407,0.03623059690610963,47.49972601809656,-0.36582326,0.06649962,94.56712916,-0.0077015867124433,0.0
117,long,0.9105694927486496,3.552847463743248,0.00926462111500272,0.00926462111500272,0.03705848446001088,47.28356458051106,-0.1167626,0.06619699,94.38416957,-0.0024694119072244,0.0
118,long,0.9090618755790509,3.5453093778952547,0.008911890970490846,0.008911890970490846,0.035647563881963384,47.192084786609136,0.28354504,0.06606892,94.6016457,0.0060083177649057,0.0
119,long,0.7833029119550639,2.9165145597753193,0.009108104910693504,0.009108104910693504,0.036432419642774015,47.30082284795167,-2.0,0.06622115,92.53542454,-0.012096286440063,0.0
120,long,0.8876463203130442,3.4382316015652212,0.009175962576466336,0.009175962576466336,0.03670385030586534,46.2677122719581,-2.0,0.0647748,90.47064975,-0.0190316260845227,0.0
121,long,0.9187054057169415,3.5935270285847074,0.008804670175532317,0.008804670175532317,0.03521868070212927,45.23532487336773,-2.0,0.06332945,88.40732029,-0.0267907237703383,0.0
122,long,0.9052543760850031,3.526271880425016,0.008518875377667675,0.008518875377667675,0.0340755015106707,44.20366014595637,-2.0,0.06188512,86.34543517,-0.0273802406397131,0.0
123,long,0.8358742599109658,3.1793712995548287,0.008038122256246723,0.008038122256246723,0.032152489024986894,43.1727175838542,-2.0,0.0604418,84.28499336,-0.0252708591905486,0.0
131,long,0.7486204087763905,2.7431020438819522,0.010752644332369778,0.010752644332369778,0.04301057732947911,42.1424966815455,0.2858491,0.0589995,84.51184297,0.0067829180817565,0.0
159,long,0.8813460709174858,3.4067303545874292,0.011739993750253924,0.011739993750253924,0.046959975001015695,42.25592148524423,0.20724456,0.05915829,84.65992924,0.0049045092057636,0.0
160,long,0.8119293230972655,3.0596466154863275,0.01141901483228447,0.01141901483228447,0.04567605932913788,42.32996461816576,-0.18132897,0.05926195,84.41933832,-0.0042837023707065,0.0
161,long,0.8126021544245753,3.0630107721228765,0.011349948266906508,0.011349948266906508,0.04539979306762603,42.20966915803967,-0.27032424,0.05909354,84.08992054,-0.0064043202355073,0.0
162,long,0.857261579292302,3.28630789646151,0.011498154981549784,0.011498154981549784,0.04599261992619914,42.04496027046759,0.21182799,0.05886294,84.24288559,0.0050381303813036,0.0
163,long,0.8488910036250055,3.244455018125027,0.011354425240609832,0.011354425240609832,0.04541770096243933,42.121442794137934,0.53226002,0.05897002,84.71617559,0.0126363198316468,0.0
164,long,0.7874680704756355,2.9373403523781776,0.01132641407612853,0.01132641407612853,0.04530565630451412,42.35808779564061,0.31340528,0.05930132,84.97027955,0.0073989477485918,0.0
165,long,0.8971051931237066,3.485525965618533,0.011310985449085795,0.011310985449085795,0.04524394179634318,42.48513977334876,0.32131969,0.0594792,85.23212004,0.0075631077497299,0.0
166,long,0.8295174310066116,3.147587155033058,0.010693613264004665,0.010693613264004665,0.04277445305601866,42.61606002044151,-0.13838827,0.05966248,85.03406929,-0.0032473265966841,0.0
167,long,0.862052167536671,3.310260837683355,0.01026212691916597,0.01026212691916597,0.04104850767666388,42.517034645852064,-0.1931514,0.05952385,84.78139405,-0.0045429178456386,0.0
168,long,0.9316777459277317,3.6583887296386584,0.01047400781319363,0.01047400781319363,0.04189603125277452,42.39069702388183,-2.0,0.05934698,82.72204707,-0.0118085767557488,0.0
169,long,0.962660882804619,3.8133044140230954,0.010202301937198476,0.010202301937198476,0.0408092077487939,41.36102353596511,-2.0,0.05790543,80.66414164,-0.0226636306380505,0.0
170,long,0.9718684992288998,3.859342496144499,0.010330613040692951,0.010330613040692951,0.041322452162771806,40.332070819489935,-2.0,0.0564649,78.60767674,-0.0218366153246246,0.0
171,long,0.974157842909966,3.8707892145498297,0.010227181651112941,0.010227181651112941,0.040908726604451766,39.30383836991629,-2.0,0.05502537,76.55265137,-0.0214076910205808,0.0
172,long,0.9504589387153313,3.7522946935766566,0.009854421246826272,0.009854421246826272,0.039417684987305086,38.27632568305735,-2.0,0.05358686,74.49906451,-0.019602057576741,0.0
173,long,0.8832206051363354,3.416103025681677,0.009400971473495034,0.009400971473495034,0.03760388589398014,37.24953225507921,-2.0,0.05214935,72.44691517,-0.0204697327044025,0.0
174,long,0.9575296134500386,3.787648067250193,0.009509788092263839,0.009509788092263839,0.038039152369055355,36.22345758250066,-2.0,0.05071284,70.39620232,-0.010935300299407,0.0
192,long,0.9207060200726909,3.6035301003634546,0.012254585702529321,0.012254585702529321,0.049018342810117285,35.198101162192906,0.01730904,0.04927734,70.36423402,0.0004917605025992,0.0
193,long,0.8836985213010835,3.4184926065054175,0.012117008193494155,0.012117008193494155,0.04846803277397662,35.1821170093384,-2.0,0.04925496,68.31497905,-0.0142609462533697,0.0
194,long,0.9089260238564957,3.5446301192824783,0.011516034985422738,0.011516034985422738,0.04606413994169095,34.15748952743186,-2.0,0.04782049,66.26715857,-0.0162865146058424,0.0
195,long,0.9632686463082071,3.8163432315410355,0.01132872120390842,0.01132872120390842,0.04531488481563368,33.13357928476266,-2.0,0.04638701,64.22077156,-0.0324513230154768,0.0
196,long,0.9696224925750393,3.8481124628751964,0.011263308786649032,0.011263308786649032,0.04505323514659613,32.110385779263325,-2.0,0.04495454,62.17581702,-0.0415436482604531,0.0
197,long,0.9660672691676768,3.830336345838384,0.011262658758420667,0.011262658758420667,0.045050635033682666,31.08790850921784,-2.0,0.04352307,60.13229395,-0.0376262651593423,0.0
198,long,0.9357933210833665,3.6789666054168326,0.011559577063847092,0.011559577063847092,0.04623830825538837,30.066146973261386,-0.31423342,0.04209261,59.77596792,-0.0104514030093534,0.0
218,long,0.9035342102266815,3.5176710511334073,0.012103712692158696,0.012103712692158696,0.04841485076863478,29.887983960902098,0.94268809,0.04184318,60.67681283,0.0315407051118048,0.0
219,long,0.8681253033579287,3.3406265167896434,0.01187045002584343,0.01187045002584343,0.04748180010337372,30.33840641637805,0.55844596,0.04247377,61.19278503,0.0184072279798042,0.0
220,long,0.849896037296057,3.249480186480285,0.012289394005244335,0.012289394005244335,0.04915757602097734,30.596392513611697,0.31648231,0.04283495,61.46643239,0.0103437785214481,0.0
221,long,0.9391301998312185,3.6956509991560926,0.01153250437879074,0.01153250437879074,0.04613001751516296,30.733216192710216,0.03861505,0.0430265,61.46202093,0.0012564596210355,0.0
222,long,0.9688912141245456,3.844456070622728,0.011190906224018811,0.011190906224018811,0.044763624896075244,30.731010463960665,-0.28183969,0.04302341,61.13715782,-0.0091711820188641,0.0
223,long,0.9627815210197519,3.8139076050987595,0.011102229516468035,0.011102229516468035,0.04440891806587214,30.568578911341593,-2.0,0.04279601,59.09436181,-0.0263003859241842,0.0
224,long,0.9721015508824864,3.860507754412432,0.011562707436978592,0.011562707436978592,0.04625082974791437,29.547180906103655,-2.0,0.04136605,57.05299576,-0.0217074957598627,0.0
225,long,0.9632872468690341,3.8164362343451703,0.01156349923287593,0.01156349923287593,0.04625399693150372,28.52649787946938,-0.01402989,0.0399371,56.99902877,-0.0004918197330121,0.0
226,long,0.8579217821764135,3.2896089108820674,0.011583089729911034,0.011583089729911034,0.046332358919644136,28.499514383668327,0.39686008,0.03989932,57.35598953,0.0139251523063533,0.0
227,long,0.9415774369598682,3.7078871847993407,0.011839900929079238,0.011839900929079238,0.04735960371631695,28.677994762824603,0.57561608,0.04014919,57.89145641,0.0200716991067992,0.0
228,long,0.9285548075478327,3.6427740377391635,0.011827132173351082,0.011827132173351082,0.04730852869340433,28.945728207423517,0.57716861,0.04052402,58.428101,0.0199396816986938,0.0
229,long,0.9765334338541365,3.8826671692706825,0.011973884752916362,0.011973884752916362,0.04789553901166545,29.214050501174786,1.37858671,0.04089967,59.76578804,0.047189167008617,0.0
230,long,0.9203745681731436,3.6018728408657177,0.012376141748210735,0.012376141748210735,0.04950456699284294,29.882894019873017,1.1874415,0.04183605,60.91139348,0.0397364959178959,0.0
231,long,0.9159645320421244,3.579822660210622,0.012790697674418617,0.012790697674418617,0.051162790697674466,30.455696742176904,0.93473668,0.04263798,61.80349218,0.0306916857969857,0.0
232,long,0.852405344598812,3.26202672299406,0.012781947422762308,0.012781947422762308,0.05112778969104923,30.90174609202697,0.8436562,0.04326244,62.60388594,0.0273012469224049,0.0
233,long,0.8694622883098554,3.347311441549277,0.012892435077584394,0.012892435077584394,0.05156974031033758,31.301942969958496,1.20044513,0.04382272,63.76050835,0.0383504989860443,0.0
234,long,0.8209515771503335,3.104757885751668,0.013498516569637277,0.013498516569637277,0.05399406627854911,31.88025417594483,0.47720443,0.04463236,64.19308043,0.0149686520376175,1.0
235,long,0.8564198927011601,3.2820994635058005,0.014058330550826066,0.014058330550826066,0.056233322203304265,32.09654021383693,-0.0939293,0.04493516,64.05421597,-0.0029264617821474,1.0
236,long,0.905018486746767,3.525092433733835,0.01381674056346018,0.01381674056346018,0.05526696225384072,32.027107986549765,-0.2648637,0.04483795,63.74451432,-0.008269984990074,1.0
237,long,0.9156549042692315,3.5782745213461573,0.01417899733000528,0.01417899733000528,0.05671598932002112,31.872257159797055,-0.13798847,0.04462116,63.56190469,-0.0043294226792168,1.0
238,long,0.9189471618031015,3.594735809015508,0.013917789316569404,0.013917789316569404,0.05567115726627762,31.78095234329247,0.00366908,0.04449333,63.52108043,0.0001154490004039,1.0
239,long,0.9433645298319717,3.716822649159859,0.014174994760470792,0.014174994760470792,0.05669997904188317,31.76054021624212,0.14683517,0.04446476,63.62345085,0.004623195120068,1.0
240,long,0.946932839766394,3.73466419883197,0.014155636585045234,0.014155636585045234,0.056622546340180935,31.811725425359977,0.22032628,0.04453642,63.79924072,0.0069259456579648,1.0
241,long,0.919614835060153,3.5980741753007646,0.014333002732686376,0.014333002732686376,0.057332010930745504,31.899620358353296,0.30432209,0.04465947,64.05890333,0.0095399908212983,1.0
242,long,0.892912996877423,3.464564984387115,0.013591741656383034,0.013591741656383034,0.054366966625532136,32.029451666813245,0.07771875,0.04484123,64.09178085,0.0024264777249344,1.0
243,long,0.8912559405753597,3.456279702876799,0.013464059652758506,0.013464059652758506,0.05385623861103402,32.04589042615217,0.02681948,0.04486425,64.07373609,0.0008369086326645,1.0
244,long,0.9208254559784381,3.6041272798921904,0.012369460163132765,0.012369460163132765,0.04947784065253106,32.03686804402339,0.36011352,0.04485162,64.38899799,0.0112405968084391,1.0
245,long,0.8734775384494973,3.3673876922474864,0.012000274857417706,0.012000274857417706,0.048001099429670825,32.19449899473659,0.42585316,0.0450723,64.76977885,0.0132275132275131,1.0
246,long,0.9238116154957733,3.6190580774788663,0.012363965975603684,0.012363965975603684,0.049455863902414736,32.384889426093295,0.46640906,0.04533885,65.19084907,0.0144020582659496,1.0
247,long,0.9322173139986375,3.6610865699931874,0.012236499944671884,0.012236499944671884,0.048945999778687535,32.5954245357205,0.4323754,0.04563359,65.57759088,0.0132649109217661,1.0
248,long,0.8674078638962694,3.337039319481347,0.011132973676586281,0.011132973676586281,0.044531894706345124,32.788795440007235,0.3113708,0.04590431,65.84305737,0.0094962562835804,1.0
249,long,0.836406761882662,3.1820338094133103,0.010598548586520868,0.010598548586520868,0.04239419434608347,32.92152868556333,0.08851471,0.04609014,65.88548194,0.0026886572864511,1.0
250,long,0.7970985917645164,2.985492958822582,0.010784307076735257,0.010784307076735257,0.04313722830694103,32.94274096947421,0.00125109,0.04611984,65.84061319,3.797768810827439e-05,1.0
251,long,0.8222110884147272,3.1110554420736363,0.010237843242219784,0.010237843242219784,0.040951372968879136,32.92030659536656,0.15380827,0.04608843,65.94833303,0.0046721397446533,1.0
252,long,0.8347191381975894,3.1735956909879466,0.010030714626987902,0.010030714626987902,0.04012285850795161,32.974166517175,0.52746063,0.04616383,66.42962983,0.0159961777353081,1.0
253,long,0.7438746408125725,2.7193732040628626,0.010028522734537243,0.010028522734537243,0.04011409093814897,33.214814914754164,0.56481219,0.04650074,66.94794128,0.0170048272381913,1.0
254,long,0.8198181300830756,3.099090650415378,0.00992514686374831,0.00992514686374831,0.03970058745499324,33.47397063900078,0.23121589,0.04686356,67.1322936,0.0069073337123365,1.0
256,long,0.7365387730949213,2.6826938654746066,0.009800439009773974,0.009800439009773974,0.0392017560390959,33.56614680249375,0.22076494,0.04699261,67.30606594,0.006577011777881,1.0
257,long,0.7053239029263252,2.526619514631626,0.009958778289540844,0.009958778289540844,0.03983511315816338,33.653032971161046,-0.02911929,0.04711425,67.22983241,-0.0008652797110718,1.0
258,long,0.7306681482896581,2.6533407414482904,0.00997786560207566,0.00997786560207566,0.03991146240830264,33.614916204758245,-0.24420891,0.04706088,66.93856261,-0.0072648972522585,1.0
259,long,0.8277713622970698,3.1388568114853492,0.01048753634644157,0.01048753634644157,0.04195014538576628,33.46928130722949,-0.0957444,0.04685699,66.79596122,-0.0028606649163913,1.0
260,long,0.9033236037058093,3.5166180185290465,0.009930851846402819,0.009930851846402819,0.039723407385611274,33.39798061090821,0.10507967,0.04675717,66.85428372,0.0031462882302365,1.0
261,long,0.8197079618921475,3.0985398094607373,0.009955954850354257,0.009955954850354257,0.03982381940141703,33.42714186113547,0.08572678,0.046798,66.89321251,0.0025645860833491,1.0
262,long,0.7913297508218778,2.956648754109389,0.009541784557787269,0.009541784557787269,0.038167138231149075,33.446606253244276,0.0497455,0.04682525,66.89613276,0.0014873107914753,1.0
264,long,0.8243715126450243,3.1218575632251215,0.008773786492844706,0.008773786492844706,0.035095145971378826,33.44806637807634,0.2032799,0.04682729,67.05258536,0.0060774784126834,1.0
265,long,0.7900487803658645,2.9502439018293223,0.008293819731863694,0.008293819731863694,0.033175278927454775,33.526292682291064,0.2693547,0.04693681,67.27500326,0.0080341332931469,1.0
268,long,0.7575047474353693,2.787523737176847,0.007673977139626032,0.007673977139626032,0.03069590855850413,33.63750162953075,-0.02440946,0.0470925,67.2035013,-0.0007256620488172,1.0
272,long,0.7337033610804903,2.6685168054024513,0.007709084012895918,0.007709084012895918,0.03083633605158367,33.60175064921529,0.59454643,0.04704245,67.75100528,0.0176939123838423,1.0
274,long,0.7073625146334727,2.536812573167363,0.007654128191200448,0.007654128191200448,0.030616512764801793,33.87550263972631,1.03714976,0.0474257,68.74072933,0.0315779467680608,1.0
295,long,0.7795651521713368,2.897825760856684,0.008574419955976357,0.008574419955976357,0.03429767982390543,34.370364667370126,-2.0,0.04811851,66.69261082,-0.0108867866838385,1.0
298,long,0.7832161139705985,2.916080569852993,0.008406774506364633,0.008406774506364633,0.03362709802545853,33.346305412102964,-0.06818776,0.04668483,66.57773824,-0.0020448370199536,0.0
299,long,0.7556508996886936,2.778254498443468,0.008557621450785216,0.008557621450785216,0.034230485803140864,33.28886911842182,-0.20860173,0.04660442,66.32253209,-0.0062664109201287,0.0
300,long,0.8436033284900062,3.218016642450031,0.008642700574618833,0.008642700574618833,0.03457080229847533,33.161266043557724,0.05436069,0.04642577,66.33046701,0.0016392828371771,0.0
301,long,0.7919900327245308,2.959950163622654,0.008680136824754258,0.008680136824754258,0.03472054729901703,33.16523350446937,-0.11322465,0.04643133,66.17081103,-0.0034139561782346,0.0
302,long,0.8242250277223274,3.121125138611637,0.008871523573570782,0.008871523573570782,0.03548609429428313,33.085405514103655,-0.2801132,0.04631957,65.84437826,-0.0084663673788723,0.0
303,long,0.8495449461225155,3.2477247306125774,0.00894527908468777,0.00894527908468777,0.03578111633875108,32.922189131263096,-0.26059293,0.04609106,65.53769427,-0.0079154191616765,0.0
304,long,0.8922991271149874,3.461495635574937,0.008992403707793731,0.008992403707793731,0.035969614831174924,32.76884713552425,-0.23488562,0.04587639,65.25693226,-0.0071679550245958,0.0
305,long,0.8074306188158326,3.0371530940791627,0.009046055927631573,0.009046055927631573,0.03618422371052629,32.62846613129174,-2.0,0.04567985,63.21125241,-0.0139531838883745,0.0
306,long,0.7841410617667189,2.9207053088335946,0.008790097969345668,0.008790097969345668,0.03516039187738267,31.605626204999833,-0.22511846,0.04424788,62.94188607,-0.0071227337819751,0.0
307,long,0.8391292034246827,3.1956460171234133,0.008225319679709728,0.008225319679709728,0.03290127871883891,31.470943035920918,-0.20959541,0.04405932,62.68823134,-0.0066599659956602,0.0
308,long,0.8215736827969978,3.1078684139849893,0.007706423007175615,0.007706423007175615,0.03082569202870246,31.344115670560477,0.18504835,0.04388176,62.82939793,0.0059037667163362,0.0
309,long,0.7527880735135931,2.7639403675679657,0.007054548886372224,0.007054548886372224,0.028218195545488895,31.414698963015507,0.00177886,0.04398058,62.78719621,5.662514156280576e-05,0.0
310,long,0.7695564894641014,2.847782447320507,0.007009602213373182,0.007009602213373182,0.02803840885349273,31.393598104629362,0.26797271,0.04395104,63.01121788,0.0085359029562676,0.0
319,short,0.2707383519767877,2.6463082401160616,0.00716979705267931,0.00716979705267931,0.02867918821071724,31.50560893939071,-0.09946851,0.04410785,62.86764151,0.0031571683791628,-1.0
323,long,0.7287524870356826,2.643762435178413,0.009475094615877073,0.009475094615877073,0.03790037846350829,31.43382075697828,0.8363252,0.04400735,63.65995937,0.0266059035985099,0.0
324,long,0.770390466767548,2.85195233383774,0.009492848729597835,0.009492848729597835,0.03797139491839134,31.8299796848449,0.65864439,0.04456197,64.27404178,0.0206925795053003,0.0
325,long,0.7300612441946386,2.650306220973193,0.009373413371950474,0.009373413371950474,0.0374936534878019,32.13702089170589,0.28599324,0.04499183,64.51504319,0.0088991832256491,0.0
326,long,0.8833493002285423,3.4167465011427116,0.009517145789186074,0.009517145789186074,0.038068583156744294,32.25752159570259,0.23382866,0.04516053,64.70371132,0.0072488105233695,0.0
327,long,0.8223060737678196,3.111530368839098,0.0092035365355325,0.0092035365355325,0.03681414614213,32.35185566158597,0.21722939,0.0452926,64.87564811,0.0067145882090717,0.0
328,long,0.8358993279944339,3.1794966399721694,0.009505170644422793,0.009505170644422793,0.03802068257769117,32.4378240569063,-0.05526798,0.04541295,64.77496718,-0.0017038128568798,0.0
335,long,0.7510266347766398,2.755133173883199,0.009356542461976052,0.009356542461976052,0.03742616984790421,32.387483589227784,0.18915933,0.04534248,64.91878403,0.0058405070999531,0.0
343,long,0.7872543217241768,2.936271608620884,0.007410988851023783,0.007410988851023783,0.029643955404095132,32.45939201464157,-0.10779044,0.04544315,64.76555044,-0.003320778062849,1.0
344,long,0.8723549687312634,3.361774843656317,0.007156632334319368,0.007156632334319368,0.02862652933727747,32.3827752217635,-0.22840079,0.04533589,64.49181377,-0.0070531567177016,1.0
345,long,0.8930663992776382,3.465331996388191,0.007502242094180967,0.007502242094180967,0.030008968376723868,32.24590688481167,-0.00880154,0.04514427,64.43786796,-0.0002729505959421,1.0
346,long,0.7532923161487259,2.7664615807436297,0.007789259791493142,0.007789259791493142,0.031157039165972567,32.21893398024184,0.35034364,0.04510651,64.74310509,0.0108738432811912,1.0
347,long,0.8582802181346233,3.2914010906731166,0.007807301399206976,0.007807301399206976,0.031229205596827903,32.37155254584977,0.00973758,0.04532017,64.7075225,0.000300806708901,1.0
348,long,0.8150030633938183,3.0750153169690915,0.007588254701418697,0.007588254701418697,0.030353018805674786,32.353761249159334,0.25133092,0.04529527,64.91355815,0.0077682133109384,1.0
349,long,0.7289641924454965,2.6448209622274823,0.007363783679573177,0.007363783679573177,0.029455134718292707,32.45677907568224,0.17224574,0.04543949,65.0403644,0.0053069263595578,1.0
351,long,0.7658594605504747,2.829297302752374,0.006795483561358583,0.006795483561358583,0.02718193424543433,32.5201821985408,-0.20347014,0.04552826,64.791366,-0.006256734364955,1.0
352,long,0.8181305833169155,3.0906529165845775,0.006998487306129176,0.006998487306129176,0.027993949224516704,32.39568300024372,0.07970652,0.04535396,64.82571857,0.0024604056935609,1.0
353,long,0.8432329626269117,3.216164813134559,0.007434006211180152,0.007434006211180152,0.02973602484472061,32.412859283593846,0.06048052,0.045378,64.84082108,0.0018659420289854,1.0
354,long,0.8522073375413041,3.2610366877065204,0.007602202785876285,0.007602202785876285,0.03040881114350514,32.420410540303756,-0.03881627,0.04538857,64.75661623,-0.0011972789115646,1.0
355,long,0.743810348183037,2.719051740915185,0.007587745466808491,0.007587745466808491,0.030350981867233964,32.37830811600345,0.00999512,0.04532963,64.72128172,0.0003086980207009,1.0
356,long,0.7800495594762357,2.900247797381178,0.007617312072892956,0.007617312072892956,0.030469248291571823,32.360640860136776,0.08491904,0.0453049,64.76089586,0.0026241457858769,1.0
357,long,0.7273577800462181,2.6367889002310907,0.0074429651869474586,0.0074429651869474586,0.029771860747789834,32.38044793120538,-0.13863711,0.04533263,64.57692613,-0.0042815067995054,1.0
358,long,0.7928048877787677,2.9640244388938384,0.007402078419925549,0.007402078419925549,0.029608313679702195,32.28846306365929,-0.22945168,0.04520385,64.3022706,-0.0071063052637288,1.0
359,long,0.7632765218838932,2.816382609419466,0.007440070781213905,0.007440070781213905,0.02976028312485562,32.15113530200124,-2.0,0.04501159,62.25725901,-0.0087724077807442,1.0
360,long,0.803244362622022,3.01622181311011,0.007368214953489159,0.007368214953489159,0.029472859813956635,31.128629507289837,-2.0,0.04358008,60.21367893,-0.0154664439885998,1.0
361,long,0.8598456284378608,3.299228142189304,0.007336426637031876,0.007336426637031876,0.029345706548127504,30.106839466634735,-2.0,0.04214958,58.17152936,-0.0117959250440756,1.0
362,long,0.7241573596383802,2.6207867981919013,0.007345202338674839,0.007345202338674839,0.029380809354699357,29.08576467900809,-2.0,0.04072007,56.13080929,-0.0084537644814081,1.0
363,long,0.7750515961123586,2.875257980561793,0.007386762754637425,0.007386762754637425,0.0295470510185497,28.065404643732784,-2.0,0.03929157,54.09151772,-0.0130213075942451,1.0
364,long,0.8619448259680752,3.309724129840376,0.0077087783222347375,0.0077087783222347375,0.03083511328893895,27.04575886048217,-2.0,0.03786406,52.05365366,-0.0133117121078863,0.0
365,long,0.9455548921515393,3.7277744607576966,0.007780294749041823,0.007780294749041823,0.03112117899616729,26.026826829279834,-0.10821516,0.03643756,51.90900094,-0.0041578316585231,0.0
366,long,0.8247869054030218,3.123934527015109,0.007416117081373613,0.007416117081373613,0.029664468325494454,25.954500468218498,-0.14798409,0.0363363,51.72468054,-0.0057016737171233,0.0
367,long,0.8713604616655239,3.3568023083276195,0.006913269768781605,0.006913269768781605,0.02765307907512642,25.86234027131039,-2.0,0.03620728,49.68847327,-0.0081759674434449,0.0
368,long,0.854381532150951,3.271907660754755,0.0068779407694436355,0.0068779407694436355,0.027511763077774542,24.844236633120474,-2.0,0.03478193,47.65369133,-0.0082572193006735,0.0
369,long,0.9025628805702424,3.5128144028512116,0.006942629789638546,0.006942629789638546,0.027770519158554184,23.82684566747729,-0.09336139,0.03335758,47.52697236,-0.0039183279324783,0.0
370,long,0.9079959397618321,3.5399796988091605,0.006910159985081947,0.006910159985081947,0.02764063994032779,23.76348617804919,-2.0,0.03326888,45.49370348,-0.0071191179329562,0.0
371,long,0.8737200347062088,3.3686001735310445,0.0067074943184820745,0.0067074943184820745,0.026829977273928298,22.74685173772456,-2.0,0.03184559,43.46185788,-0.0095449500554937,0.0
372,long,0.8521917341374837,3.2609586706874185,0.006525334157316149,0.006525334157316149,0.026101336629264595,21.73092894150815,-0.08028842,0.0304233,43.35114616,-0.0036946613072416,0.0
373,long,0.8756072943293377,3.3780364716466886,0.006197630454572606,0.006197630454572606,0.024790521818290424,21.675573080083794,-0.12884963,0.0303458,43.19195073,-0.0059444625331411,0.0
388,long,0.9011260787170917,3.5056303935854585,0.006584873980614054,0.006584873980614054,0.026339495922456217,21.595975362898272,0.30406757,0.03023437,43.46578393,0.0140798256871416,0.0
390,long,0.8366085514116971,3.1830427570584856,0.007208082454195411,0.007208082454195411,0.028832329816781643,21.732891964470948,-0.09753887,0.03042605,43.33781901,-0.0044880759773676,0.0
391,long,0.9102023550634207,3.5510117753171038,0.006995504198218186,0.006995504198218186,0.027982016792872745,21.668909504923587,-0.0309519,0.03033647,43.27653064,-0.001428401380788,0.0
392,long,0.8915853800318596,3.457926900159298,0.006692420839942011,0.006692420839942011,0.026769683359768044,21.638265318141638,0.08602659,0.03029357,43.33226366,0.0039756696346781,0.0
394,long,0.8417783431988994,3.208891715994497,0.006463218399797631,0.006463218399797631,0.025852873599190525,21.66613182960516,-2.0,0.03033258,41.30193107,-0.0084798364276977,0.0
395,long,0.8302357726437357,3.1511788632186786,0.006925770951112986,0.006925770951112986,0.027703083804451942,20.650965537324435,0.03109685,0.02891135,41.30411658,0.0015058305022496,0.0
396,long,0.799896608642869,2.999483043214345,0.006693092340964555,0.006693092340964555,0.02677236936385822,20.65205828835181,0.00814288,0.02891288,41.28334658,0.0003942892249006,0.0
399,long,0.7270337364341963,2.6351686821709817,0.006813743218806499,0.006813743218806499,0.027254972875225995,20.641673289577522,0.04845686,0.02889834,41.3029051,0.0023475258918297,0.0
404,long,0.784699592510153,2.9234979625507647,0.006193581400230944,0.006193581400230944,0.024774325600923776,20.651452549523803,0.51162581,0.02891203,41.78561888,0.0308137398971344,1.0
407,long,0.7506656754046226,2.753328377023113,0.006347057273445964,0.006347057273445964,0.025388229093783857,20.8928094375361,0.42202902,0.02924993,42.17839796,0.0201997255817756,1.0
408,long,0.7451668646422297,2.7258343232111484,0.006741560052068502,0.006741560052068502,0.026966240208274008,21.089198979565108,0.13569011,0.02952488,42.28456319,0.0064341043475135,1.0
409,long,0.7150097273621276,2.5750486368106382,0.0066015821395159595,0.0066015821395159595,0.026406328558063838,21.14228159369941,-2.0,0.02959919,40.25496399,-0.0079832494319952,1.0
414,long,0.7564440516500333,2.7822202582501663,0.006532815481162455,0.006532815481162455,0.02613126192464982,20.127481996583818,-2.0,0.02817847,38.22678552,-0.0141459865815214,1.0
415,long,0.8370468157306301,3.1852340786531506,0.006368183481761652,0.006368183481761652,0.025472733927046607,19.11339275918621,-2.0,0.02675875,36.20002677,-0.0098701065216414,1.0
423,long,0.7298162288725664,2.6490811443628317,0.007225073040891149,0.007225073040891149,0.028900292163564597,18.10001338425478,0.06255021,0.02534002,36.23723696,0.0034558104241139,0.0
427,long,0.8064995117807514,3.0324975589037573,0.007685084350077289,0.007685084350077289,0.030740337400309157,18.118618482350755,-0.08403029,0.02536607,36.12784061,-0.0046377870087186,0.0
428,long,0.8234287754904387,3.1171438774521936,0.007235332475176135,0.007235332475176135,0.02894132990070454,18.06392030270642,-2.0,0.02528949,34.10255112,-0.0086917701509672,0.0
429,long,0.7302637445667965,2.6513187228339827,0.007634590889752495,0.007634590889752495,0.03053836355900998,17.051275558494527,-2.0,0.02387179,32.07867933,-0.0102822378666861,0.0
430,long,0.8357750794003865,3.178875397001933,0.0075040597766209095,0.0075040597766209095,0.030016239106483638,16.03933966560358,-0.10625865,0.02245508,31.94996561,-0.006624876640228,0.0
431,long,0.8722137008476093,3.3610685042380464,0.0076573189296260296,0.0076573189296260296,0.030629275718504118,15.974982804499989,-0.01508926,0.02236498,31.91251138,-0.0009445555086844,0.0
432,long,0.8430098344232401,3.2150491721162004,0.007571518981536694,0.007571518981536694,0.030286075926146776,15.956255687532273,-0.08517652,0.02233876,31.80499609,-0.0053381272528824,0.0
433,long,0.8767110697870296,3.383555348935148,0.0067834330092498615,0.0067834330092498615,0.027133732036999446,15.902498046881213,-0.02718501,0.0222635,31.75554759,-0.0017094802628555,0.0
434,long,0.8387550206162524,3.1937751030812622,0.0065163322396096695,0.0065163322396096695,0.026065328958438678,15.877773794977776,-0.07977459,0.02222888,31.65354411,-0.0050242932862188,0.0
435,long,0.8785493156778057,3.3927465783890285,0.006483770205932672,0.006483770205932672,0.025935080823730687,15.826772057182186,-2.0,0.02215748,29.63138663,-0.0071841855929943,0.0
481,long,0.8069997801140084,3.034998900570042,0.006985903647695637,0.006985903647695637,0.027943614590782546,14.81569331674216,-0.07319375,0.02074197,29.53745091,-0.0049402853553819,0.0
482,long,0.9057766689403756,3.5288833447018777,0.0072420072845001855,0.0072420072845001855,0.028968029138000742,14.768725455059174,-0.02175563,0.02067622,29.49501906,-0.0014730878186968,0.0
483,long,0.8304532296922961,3.1522661484614805,0.007197337363698037,0.007197337363698037,0.028789349454792147,14.74750953245787,-0.00055823,0.02064651,29.47381432,-3.78522626190359e-05,0.0
484,long,0.8160253110985426,3.080126555492713,0.006725999396662145,0.006725999396662145,0.02690399758664858,14.73690716248325,0.08484645,0.02063167,29.5380291,0.0057574121947293,0.0
485,long,0.8636279746439909,3.3181398732199545,0.006695435145792589,0.006695435145792589,0.026781740583170358,14.769014551974449,0.23704824,0.02067662,29.75440073,0.0160503764026324,0.0
486,long,0.9207258195305871,3.6036290976529353,0.006746708405728431,0.006746708405728431,0.026986833622913722,14.877200363115639,0.14380065,0.02082808,29.8773733,0.0096658407679917,0.0
487,long,0.9359290551395267,3.6796452756976334,0.007197301299094305,0.007197301299094305,0.02878920519637722,14.93868664775315,0.17715533,0.02091416,30.03361446,0.0118588288697231,0.0
488,long,0.8891477313412632,3.4457386567063164,0.006853546756073482,0.006853546756073482,0.027414187024293928,15.016807231346784,0.20179678,0.02102353,30.21438772,0.013438061890792,0.0
489,long,0.9472117456804102,3.736058728402051,0.007070158189157159,0.007070158189157159,0.028280632756628635,15.107193858773307,0.06542928,0.02115007,30.25866693,0.00433100149702,0.0
490,long,0.9687105716718548,3.843552858359274,0.007489681800026621,0.007489681800026621,0.029958727200106484,15.129333462681226,-0.06373214,0.02118107,30.17375372,-0.0042124883504192,0.0
491,long,0.9152370187447172,3.576185093723586,0.007353931094052213,0.007353931094052213,0.029415724376208853,15.086876858776773,-0.02618345,0.02112163,30.12644864,-0.0017355117426963,0.0
492,long,0.9080672396619744,3.5403361983098725,0.007277839639192211,0.007277839639192211,0.029111358556768843,15.063224319001119,0.25185619,0.02108851,30.35721631,0.0167199386904427,0.0
493,long,0.9148539522741914,3.574269761370957,0.007059482678121232,0.007059482678121232,0.028237930712484927,15.17860815552486,0.19531349,0.02125005,30.53127975,0.0128676813894855,0.0
494,long,0.9100680678743283,3.5503403393716413,0.007266669077283063,0.007266669077283063,0.02906667630913225,15.265639876656563,0.26418025,0.0213719,30.77408811,0.0173055469621545,0.0
495,long,0.8275379804523875,3.137689902261937,0.006788682454113752,0.006788682454113752,0.027154729816455007,15.387044052639313,0.32977998,0.02154186,31.08232622,0.0214323150643904,0.0
496,long,0.7998275518851162,2.9991377594255813,0.006311848301996672,0.006311848301996672,0.025247393207986687,15.541163109825376,0.34964603,0.02175763,31.41021462,0.0224980605120246,0.0
502,long,0.7120433396220762,2.560216698110381,0.006926823520169755,0.006926823520169755,0.02770729408067902,15.705107309684548,0.11759759,0.02198715,31.50582506,0.0074878562918156,1.0
503,long,0.7430631605391564,2.715315802695782,0.006745772985681951,0.006745772985681951,0.026983091942727803,15.752912527858998,0.11704404,0.02205408,31.60081502,0.0074299936629225,1.0
511,long,0.7443244928677937,2.721622464338968,0.006268844436417054,0.006268844436417054,0.025075377745668218,15.800407509216779,-2.0,0.02212057,29.57869445,-0.0066353510091455,1.0
513,long,0.7717674561894624,2.858837280947312,0.006281345346588788,0.006281345346588788,0.02512538138635515,14.789347223960327,0.15099442,0.02070509,29.70898378,0.0102096745724292,1.0
514,long,0.7698210638728956,2.849105319364478,0.006082308034390745,0.006082308034390745,0.02432923213756298,14.854491892051202,0.27318194,0.02079629,29.96136944,0.0183905277201303,0.0
515,long,0.9028801275705318,3.514400637852659,0.006252854275306127,0.006252854275306127,0.02501141710122451,14.980684720181376,0.18292896,0.02097296,30.12332544,0.0122109880306298,0.0
516,long,0.7574099503375327,2.7870497516876633,0.00606718161065985,0.00606718161065985,0.0242687264426394,15.061662721781635,0.22318239,0.02108633,30.3254215,0.0148179115570419,0.0
517,long,0.8894421413099233,3.4472107065496163,0.006052135981821071,0.006052135981821071,0.024208543927284283,15.162710750933066,0.26155441,0.0212278,30.56574811,0.0172498448255098,0.0
518,long,0.7003931044804005,2.5019655224020023,0.006499000254862728,0.006499000254862728,0.02599600101945091,15.282874057201255,0.09430403,0.02139602,30.63865612,0.006170568869434,0.0
519,long,0.7244344026112025,2.6221720130560127,0.006983586913718522,0.006983586913718522,0.027934347654874087,15.319328058807637,0.02620094,0.02144706,30.64341,0.0017103192292645,0.0
525,long,0.7486343036874874,2.7431715184374372,0.006714713857570985,0.006714713857570985,0.02685885543028394,15.321704999845666,0.03673536,0.02145039,30.65869497,0.0023976023976023,1.0
526,long,0.7094168510287383,2.5470842551436914,0.0064524501661129404,0.0064524501661129404,0.025809800664451762,15.329347484667267,0.05013231,0.02146109,30.6873662,0.0032703488372093,1.0
531,long,0.7628425509290323,2.8142127546451614,0.006324054431624137,0.006324054431624137,0.02529621772649655,15.343683098288828,-2.0,0.02148116,28.66588504,-0.0085566823614631,1.0
542,long,0.7402766507374547,2.7013832536872737,0.006007826529017121,0.006007826529017121,0.024031306116068483,14.332942520120026,-0.02767715,0.02006612,28.61814177,-0.0019310167262829,0.0
543,long,0.8165856550637455,3.0829282753187273,0.005712211649157425,0.005712211649157425,0.0228488465966297,14.309070884484342,0.00210375,0.0200327,28.60021282,0.0001470223382064,0.0
544,long,0.8019934297157992,3.0099671485789963,0.005781299666112365,0.005781299666112365,0.02312519866444946,14.300106411394701,-0.04049606,0.02002015,28.53969661,-0.0028318714256817,0.0
545,long,0.722236524695974,2.61118262347987,0.005907803650094384,0.005907803650094384,0.023631214600377537,14.269848305541407,-0.05867192,0.01997779,28.46104691,-0.0041116005873713,0.0
546,long,0.7861662488637741,2.9308312443188704,0.005405845349240173,0.005405845349240173,0.02162338139696069,14.230523453390145,-0.06486014,0.01992273,28.37626404,-0.0045578181283541,0.0
547,long,0.8640524326141166,3.320262163070583,0.005566033638374943,0.005566033638374943,0.02226413455349977,14.188132018086856,-0.01228738,0.01986338,28.34411327,-0.0008660321906007,0.0
548,long,0.754280672571176,2.7714033628558803,0.0057349970665479914,0.0057349970665479914,0.022939988266191966,14.172056636148117,-2.0,0.01984088,26.32427239,-0.0060913425760038,0.0
549,long,0.89614672579547,3.4807336289773496,0.005483562484687348,0.005483562484687348,0.021934249938749394,13.162136196502813,0.03143262,0.01842699,26.33727802,0.0023881092444721,0.0
550,long,0.9079547010818988,3.539773505409494,0.005589243585962816,0.005589243585962816,0.022356974343851265,13.168639010729196,-2.0,0.01843609,24.31884193,-0.0061099233264524,0.0
570,long,0.8713311977995783,3.3566559889978915,0.004725240190356435,0.004725240190356435,0.01890096076142574,12.159420963421686,0.02023049,0.01702319,24.32204922,0.00166377047362,0.0
571,long,0.9229898318161511,3.614949159080756,0.004759973827055797,0.004759973827055797,0.019039895308223188,12.16102461153492,0.0051554,0.01702543,24.31017919,0.0004239279691084,0.0
572,long,0.9247807533596978,3.623903766798489,0.004749301437701128,0.004749301437701128,0.018997205750804512,12.155089593539769,0.01233029,0.01701713,24.30549235,0.0010144138993146,0.0
573,long,0.9527633731898284,3.763816865949142,0.004774339310264819,0.004774339310264819,0.019097357241059276,12.152746176739841,0.0682896,0.01701384,24.35676811,0.0056192734620815,0.0
574,long,0.9432631126172636,3.716315563086318,0.004968461244547958,0.004968461244547958,0.01987384497819183,12.178384056457306,0.16083361,0.01704974,24.50055199,0.0132064820042016,0.0
575,long,0.9605743164118932,3.802871582059466,0.004923040011811586,0.004923040011811586,0.019692160047246342,12.250275992558715,0.11451286,0.01715039,24.59791446,0.0093477779418278,0.0
576,long,0.9708746532919986,3.854373266459993,0.004479625206445692,0.004479625206445692,0.01791850082578277,12.298957229216196,0.0795345,0.01721854,24.66023042,0.0064667679977891,0.0
577,long,0.9556156399244364,3.778078199622182,0.004454949732110769,0.004454949732110769,0.017819798928443077,12.33011521066378,0.08042343,0.01726216,24.72339169,0.0065225201986236,0.0
578,long,0.9307287788600282,3.6536438943001412,0.004509753546327039,0.004509753546327039,0.018039014185308157,12.361695842772772,0.05591834,0.01730637,24.76200365,0.0045235167819718,0.0
583,long,0.743028272025991,2.7151413601299548,0.004378530520530342,0.004378530520530342,0.01751412208212137,12.381001824982038,-0.03030817,0.0173334,24.71436207,-0.0024479580558828,0.0
586,long,0.8820910046959038,3.4104550234795195,0.004628492064222046,0.004628492064222046,0.018513968256888183,12.357181037125867,-0.04114476,0.01730005,24.65591726,-0.0033296235317923,1.0
587,long,0.8781179595283816,3.390589797641908,0.004573705891711574,0.004573705891711574,0.018294823566846297,12.327958630015964,-0.03778415,0.01725914,24.60087397,-0.0030649154617162,1.0
588,long,0.8053648782604433,3.026824391302217,0.004724144742091669,0.004724144742091669,0.018896578968366676,12.300436983466685,-2.0,0.01722061,22.58365336,-0.0087262272115444,1.0
589,long,0.8950456770005041,3.4752283850025205,0.00502870822837678,0.00502870822837678,0.02011483291350712,11.291826677578259,-2.0,0.01580856,20.5678448,-0.0065834906311864,1.0
590,long,0.9216436328135873,3.6082181640679365,0.005282607258544364,0.005282607258544364,0.021130429034177455,10.283922398903954,-0.01427662,0.01439749,20.53917069,-0.001388246182323,1.0
591,long,0.864565985142736,3.32282992571368,0.005297865692479924,0.005297865692479924,0.021191462769919695,10.269585345219928,-2.0,0.01437742,18.52479327,-0.0085918105556531,0.0
592,long,0.8941072175805307,3.470536087902653,0.005081032745459087,0.005081032745459087,0.020324130981836348,9.262396635478275,-2.0,0.01296736,16.51182592,-0.0053731673990914,0.0
593,long,0.8738522909129206,3.369261454564603,0.004734721023586544,0.004734721023586544,0.018938884094346176,8.25591295783344,0.00579587,0.01155828,16.50606351,0.0007020266400634,0.0
594,long,0.942754383603725,3.713771918018625,0.004679369198787159,0.004679369198787159,0.018717476795148635,8.253031754180178,0.03763548,0.01155424,16.53214474,0.0045602002039114,0.0
595,long,0.9669424511215378,3.834712255607689,0.00470078114656431,0.00470078114656431,0.01880312458625724,8.266072370496403,0.03523997,0.0115725,16.55581221,0.0042632066728451,0.0
596,long,0.9115511701497907,3.5577558507489533,0.0048982973313688215,0.0048982973313688215,0.019593189325475286,8.277906107281115,0.08953836,0.01158907,16.63376151,0.0108165468965262,0.0
597,long,0.8518523395698866,3.259261697849433,0.004955326478708187,0.004955326478708187,0.01982130591483275,8.316880752813242,0.06492376,0.01164363,16.68704164,0.0078062635751016,0.0
599,long,0.781421645002981,2.9071082250149045,0.0050364188043876944,0.0050364188043876944,0.020145675217550778,8.343520817925848,-2.0,0.01168093,14.67536071,-0.0102876861471461,0.0
600,long,0.804534845021611,3.022674225108055,0.005146205769129392,0.005146205769129392,0.02058482307651757,7.337680353353299,-2.0,0.01027275,12.66508795,-0.0182262827611664,0.0
601,long,0.755651868360842,2.77825934180421,0.005137279149619177,0.005137279149619177,0.02054911659847671,6.332543977105952,-2.0,0.00886556,10.65622239,-0.0216962887927065,0.0
602,long,0.9204826169319252,3.6024130846596263,0.0048129995723825095,0.0048129995723825095,0.019251998289530038,5.328111196321978,-2.0,0.00745936,8.64876304,-0.0223716325120883,0.0
603,long,0.9311536745431441,3.6557683727157206,0.00520011223359482,0.00520011223359482,0.02080044893437928,4.324381518484553,-2.0,0.00605413,6.6427089,-0.0067021009224696,1.0
604,long,0.7001857959381236,2.500928979690618,0.005148701038396848,0.005148701038396848,0.02059480415358739,3.321354451421614,-2.0,0.0046499,4.63805901,-0.0077563463134049,0.0
622,long,0.7646214937003849,2.8231074685019246,0.005554426607058182,0.005554426607058182,0.022217706428232727,2.3190295033056185,0.01302256,0.00324664,4.64783493,0.0056155226433864,0.0
623,long,0.8103758685588327,3.0518793427941633,0.005395989461903085,0.005395989461903085,0.02158395784761234,2.3239174639965516,0.02936412,0.00325348,4.67394557,0.012635614195061,0.0
624,long,0.9111904169118321,3.5559520845591606,0.005337580782589004,0.005337580782589004,0.021350323130356015,2.3369727840198666,0.01840409,0.00327176,4.6890779,0.0078751843572308,0.0
625,long,0.8065212008280568,3.032606004140284,0.005230428011641475,0.005230428011641475,0.0209217120465659,2.3445389488270467,0.02133497,0.00328235,4.70713051,0.0090998570022471,0.0
626,long,0.8446957408468585,3.2234787042342923,0.005009395098658515,0.005009395098658515,0.02003758039463406,2.35356525614813,0.01546748,0.00329499,4.719303,0.0065719344104261,0.0
627,long,0.9032610240797951,3.5163051203989757,0.005143691861885744,0.005143691861885744,0.020574767447542976,2.359651498715858,0.00844268,0.00330351,4.72444216,0.0035779333043645,0.0
628,long,0.7150576810317905,2.575288405158952,0.005186893560717476,0.005186893560717476,0.020747574242869903,2.3622210805087316,-2.0,0.00330711,2.72113505,-0.0055038959129667,0.0
631,long,0.7008269407128037,2.5041347035640187,0.004672798838114912,0.004672798838114912,0.01869119535245965,1.3605675257523755,-0.00040093,0.00190479,2.71882932,-0.0002946810078091,0.0
632,long,0.733158621981908,2.66579310990954,0.004336382180693577,0.004336382180693577,0.017345528722774308,1.3594146617795082,0.00023794,0.00190318,2.71716409,0.0001750345462921,0.0
633,long,0.7656544808170374,2.8282724040851868,0.004285067532875498,0.004285067532875498,0.017140270131501992,1.358582043780536,-0.00256069,0.00190201,2.71270139,-0.001884822558739,0.0
634,long,0.7233315077260892,2.616657538630446,0.004065421918799899,0.004065421918799899,0.016261687675199595,1.356350693307882,0.00240812,0.00189889,2.71321062,0.0017754433984944,1.0
635,long,0.7845423841845727,2.9227119209228634,0.0041665020088256805,0.0041665020088256805,0.016666008035302722,1.3566053097648048,0.0,0.00189925,2.71131137,0.0,1.0
636,long,0.7589970643170467,2.7949853215852336,0.004079376776502823,0.004079376776502823,0.016317507106011292,1.3556556860479694,0.0058442,0.00189792,2.71525766,0.0043109801031687,1.0
638,long,0.7685069365841362,2.8425346829206806,0.004168854130438538,0.004168854130438538,0.016675416521754152,1.357628829412386,0.00845777,0.00190068,2.72181475,0.0062298086624888,1.0
639,long,0.7527122042276234,2.763561021138117,0.004337116167197239,0.004337116167197239,0.017348464668788956,1.3609073731527563,0.00699711,0.00190527,2.72690659,0.0051415068214965,1.0
640,long,0.8862530548501494,3.431265274250747,0.004530725153131801,0.004530725153131801,0.018122900612527203,1.3634532952627942,-0.00565748,0.00190883,2.71934027,-0.0041493775933609,1.0
642,long,0.7225081883844644,2.612540941922322,0.004542338693792007,0.004542338693792007,0.01816935477516803,1.3596701366796315,-2.0,0.00190354,0.71743674,-0.0125935322559888,1.0
645,long,0.7243357793211342,2.621678896605671,0.005002645502645512,0.005002645502645512,0.020010582010582048,0.3587183675839558,-2.0,0.00050221,0.0,-0.0090277777777779,1.0
